loc_id	product	subfamily.x	chromosome	start	end	strand	gene_name	subfamily.y	gene_length_bp	exon_count	total_exon_length	intron_count	avg_intron_length	mrna_variants
LOC110864409	aquaporin PIP1-3%2C transcript variant X2	PIP	NC_035438.2	3761973	3769494	+	aquaporin PIP1-3, transcript variant X2	PIP	7522	8	2030	7	785	2
LOC110865440	probable aquaporin SIP2-1	SIP	NC_035438.2	47755436	47758420	+	probable aquaporin SIP2-1	SIP	2985	3	1192	2	896	1
LOC110866810	aquaporin PIP2-4	PIP	NC_035439.2	119735398	119737473	+	aquaporin PIP2-4	PIP	2076	4	1174	3	301	1
LOC110868194	probable aquaporin NIP-type	NIP	NC_035439.2	98648385	98649923	+	probable aquaporin NIP-type	NIP	1539	5	957	4	146	1
LOC110868195	probable aquaporin NIP-type	NIP	NC_035439.2	98654820	98659435	+	probable aquaporin NIP-type	NIP	4616	6	828	5	758	1
LOC110868317	aquaporin PIP2-4	PIP	NC_035439.2	120170669	120172599	-	aquaporin PIP2-4	PIP	1931	4	1245	3	229	1
LOC110868318	probable aquaporin PIP2-4	PIP	NC_035439.2	120156300	120159035	+	probable aquaporin PIP2-4	PIP	2736	4	1931	3	268	1
LOC110868323	probable aquaporin PIP2-4	PIP	NC_035439.2	120106244	120109396	+	probable aquaporin PIP2-4	PIP	3153	4	2348	3	268	1
LOC110868334	aquaporin PIP2-1	PIP	NC_035439.2	119863945	119865688	-	aquaporin PIP2-1	PIP	1744	4	1085	3	220	1
LOC110868335	aquaporin PIP2-4	PIP	NC_035439.2	119895848	119897953	-	aquaporin PIP2-4	PIP	2106	4	1172	3	311	1
LOC110868358	aquaporin PIP2-4	PIP	NC_035439.2	120285272	120287478	-	aquaporin PIP2-4	PIP	2207	4	1282	3	308	1
LOC110868884	probable aquaporin PIP2-5	PIP	NC_035446.2	160857907	160859585	+	probable aquaporin PIP2-5	PIP	1679	4	1012	3	222	1
LOC110868941	probable aquaporin PIP1-4	PIP	NC_035439.2	142797261	142801210	+	probable aquaporin PIP1-4	PIP	3950	4	1124	3	942	1
LOC110872387	probable aquaporin NIP5-1	NIP	NC_035438.2	6725442	6728514	-	probable aquaporin NIP5-1	NIP	3073	5	1877	4	299	1
LOC110872551	aquaporin TIP1-3	TIP	NC_035440.2	31697135	31699477	+	aquaporin TIP1-3	TIP	2343	3	1242	2	550	1
LOC110875557	aquaporin PIP2-2	PIP	NC_035433.2	122456136	122459050	+	aquaporin PIP2-2	PIP	2915	4	1196	3	573	1
LOC110875737	probable aquaporin TIP1-1	TIP	NC_035433.2	118858363	118860009	-	probable aquaporin TIP1-1	TIP	1647	2	1048	1	599	1
LOC110878958	aquaporin SIP1-1	SIP	NC_035433.2	133758482	133764635	+	aquaporin SIP1-1	SIP	6154	3	958	2	2598	1
LOC110887087	probable aquaporin PIP2-8	PIP	NC_035434.2	18872278	18876043	+	probable aquaporin PIP2-8	PIP	3766	2	549	1	3217	1
LOC110889695	probable aquaporin PIP2-5	PIP	NC_035439.2	110555409	110558472	-	probable aquaporin PIP2-5	PIP	3064	4	1142	3	641	1
LOC110890906	aquaporin PIP2-7%2C transcript variant X1	PIP	NC_035443.2	165665782	165671445	-	aquaporin PIP2-7, transcript variant X1	PIP	5664	15	8003	14	0	10
LOC110891299	aquaporin TIP1-1	TIP	NC_035443.2	179779294	179781918	-	aquaporin TIP1-1	TIP	2625	2	1017	1	1608	1
LOC110892775	aquaporin PIP2-2-like	PIP	NC_035444.2	47043367	47139426	+	aquaporin PIP2-2-like	PIP	96060	4	1135	3	31642	1
LOC110894830	aquaporin PIP2-1	PIP	NC_035444.2	50504395	50507124	-	aquaporin PIP2-1	PIP	2730	4	1081	3	550	1
LOC110895309	probable aquaporin PIP2-8	PIP	NC_035444.2	77463396	77466254	-	probable aquaporin PIP2-8	PIP	2859	4	1148	3	570	1
LOC110896719	probable aquaporin TIP1-2	TIP	NC_035444.2	52868473	52869622	-	probable aquaporin TIP1-2	TIP	1150	3	942	2	104	1
LOC110897890	aquaporin PIP1-3	PIP	NC_035445.2	52701936	52703695	+	aquaporin PIP1-3	PIP	1760	4	1284	3	159	1
LOC110898014	aquaporin TIP1-1	TIP	NC_035445.2	66823905	66825925	+	aquaporin TIP1-1	TIP	2021	2	1026	1	995	1
LOC110899589	aquaporin PIP1-3	PIP	NC_035445.2	142927394	142930503	-	aquaporin PIP1-3	PIP	3110	4	1132	3	659	1
LOC110899592	aquaporin PIP1-3	PIP	NC_035445.2	142940337	142943450	-	aquaporin PIP1-3	PIP	3114	4	1132	3	661	1
LOC110899653	probable aquaporin TIP-type RB7-5A	TIP	NC_035445.2	147645910	147647572	+	probable aquaporin TIP-type RB7-5A	TIP	1663	3	1015	2	324	1
LOC110899654	probable aquaporin TIP-type RB7-5A	TIP	NC_035445.2	147630911	147632444	+	probable aquaporin TIP-type RB7-5A	TIP	1534	3	1044	2	245	1
LOC110899655	probable aquaporin TIP-type	TIP	NC_035445.2	147558273	147559842	+	probable aquaporin TIP-type	TIP	1570	3	1072	2	249	1
LOC110899667	probable aquaporin TIP-type RB7-5A	TIP	NC_035445.2	147793752	147795394	+	probable aquaporin TIP-type RB7-5A	TIP	1643	3	1010	2	316	1
LOC110904303	aquaporin PIP2-2	PIP	NC_035446.2	148783863	148786430	+	aquaporin PIP2-2	PIP	2568	4	1188	3	460	1
LOC110904450	probable aquaporin PIP2-4	PIP	NC_035446.2	153688197	153689535	-	probable aquaporin PIP2-4	PIP	1339	3	1135	2	102	1
LOC110904451	probable aquaporin PIP2-4	PIP	NC_035446.2	153762249	153763512	-	probable aquaporin PIP2-4	PIP	1264	3	1060	2	102	1
LOC110904457	probable aquaporin PIP2-4	PIP	NC_035446.2	153674353	153675807	+	probable aquaporin PIP2-4	PIP	1455	3	1236	2	110	1
LOC110904925	probable aquaporin PIP1-4	PIP	NC_035446.2	167862157	167864457	-	probable aquaporin PIP1-4	PIP	2301	3	1228	2	536	1
LOC110905693	probable aquaporin NIP-type	NIP	NC_035446.2	106361596	106363630	+	probable aquaporin NIP-type	NIP	2035	5	967	4	267	1
LOC110906290	probable aquaporin TIP5-1	TIP	NC_035446.2	169823176	169825171	-	probable aquaporin TIP5-1	TIP	1996	3	1433	2	282	1
LOC110906934	aquaporin PIP2-1	PIP	NC_035434.2	153495019	153496193	+	aquaporin PIP2-1	PIP	1175	4	918	3	86	1
LOC110908794	aquaporin PIP2-2	PIP	NC_035439.2	129058310	129060704	-	aquaporin PIP2-2	PIP	2395	4	1145	3	417	1
LOC110908807	aquaporin PIP2-2-like	PIP	NC_035439.2	129103100	129106231	-	aquaporin PIP2-2-like	PIP	3132	4	1200	3	644	1
LOC110911761	aquaporin NIP1-1	NIP	NC_035447.2	62119483	62121453	-	aquaporin NIP1-1	NIP	1971	5	1029	4	236	1
LOC110912639	probable aquaporin TIP3-2	TIP	NC_035447.2	146264526	146265993	+	probable aquaporin TIP3-2	TIP	1468	3	939	2	264	1
LOC110914202	nodulin-26	unknown	NC_035447.2	140220777	140223602	+	nodulin-26	unknown	2826	5	1260	4	392	1
LOC110916097	probable aquaporin TIP-type	TIP	NC_035448.2	93174593	93176205	-	probable aquaporin TIP-type	TIP	1613	3	1258	2	178	1
LOC110916291	probable aquaporin TIP-type RB7-5A	TIP	NC_035448.2	93139465	93140773	-	probable aquaporin TIP-type RB7-5A	TIP	1309	3	1019	2	145	1
LOC110921506	probable aquaporin NIP5-1	NIP	NC_035449.2	1891811	1893822	+	probable aquaporin NIP5-1	NIP	2012	4	1727	3	95	1
LOC110923014	aquaporin PIP1-3	PIP	NC_035449.2	990482	992775	+	aquaporin PIP1-3	PIP	2294	4	1171	3	374	1
LOC110925968	aquaporin PIP2-7	PIP	NC_035449.2	30003876	30005529	-	aquaporin PIP2-7	PIP	1654	4	1216	3	146	1
LOC110926365	probable aquaporin NIP5-1	NIP	NC_035449.2	1877852	1880421	+	probable aquaporin NIP5-1	NIP	2570	4	1721	3	283	1
LOC110927047	aquaporin TIP1-1	TIP	NC_035434.2	166250290	166252037	+	aquaporin TIP1-1	TIP	1748	2	999	1	749	1
LOC110930503	aquaporin PIP1-3	PIP	NC_035435.2	163300314	163302838	-	aquaporin PIP1-3	PIP	2525	4	1085	3	480	1
LOC110930648	probable aquaporin TIP-type	TIP	NC_035435.2	167829005	167830856	+	probable aquaporin TIP-type	TIP	1852	3	1045	2	404	1
LOC110933853	aquaporin NIP1-1	NIP	NC_035436.2	163382054	163384124	-	aquaporin NIP1-1	NIP	2071	5	995	4	269	1
LOC110937325	aquaporin PIP1-3	PIP	NC_035434.2	135407960	135410684	+	aquaporin PIP1-3	PIP	2725	4	1316	3	470	1
LOC110937771	aquaporin TIP3-1	TIP	NC_035448.2	104520431	104522993	+	aquaporin TIP3-1	TIP	2563	3	1325	2	619	1
LOC110939970	aquaporin TIP1-3	TIP	NC_035437.2	11889108	11890313	+	aquaporin TIP1-3	TIP	1206	3	965	2	120	1
LOC110941540	aquaporin NIP6-1	NIP	NC_035437.2	153436199	153439654	-	aquaporin NIP6-1	NIP	3456	5	1299	4	539	1
