gene_id	module_number	module_color	gene_name	subfamily	kME_12	kME_15	kME_26	kME_1	kME_4	kME_27	kME_18	kME_21	kME_2	kME_6	kME_23	kME_29	kME_19	kME_7	kME_8	kME_16	kME_9	kME_0	kME_14	kME_22	kME_24	kME_10	kME_28	kME_3	kME_5	kME_11	kME_13	kME_25	kME_17	kME_20	drought.GS_drought	drought.GS_pval_drought	cold.GS_cold	cold.GS_pval_cold	salt.GS_salt	salt.GS_pval_salt	control.GS_control	control.GS_pval_control	heat.GS_heat	heat.GS_pval_heat
LOC110864409	1	turquoise	aquaporin PIP1-3, transcript variant X2	PIP	-0.154770927912054	0.182893187428792	-0.137595499747942	0.482861911131887	0.169781576132162	0.221636083207996	-0.447345393709429	-0.204561102685347	-0.472266965491944	-0.311481471006441	-0.177837750260228	-0.180312084971084	-0.362145513219807	-0.598563896196801	-0.378140506834102	0.246660541899132	-0.00636437042706216	-0.0662533674828392	0.317040205836919	0.579241476853408	0.245886859775978	0.11013302374991	-0.065950039332694	0.434703634677484	-0.015412945839393	-0.392453916148098	-0.251869168001073	0.187734186887874	-0.549353721051519	0.0737961028503106	0.0483343913397858	0.767097873791597	-0.739882699022002	4.89270456548684e-08	-0.0722936552737986	0.657543345103953	0.168625305445572	0.298277883356591	0.321785763084017	0.0428850859262288
LOC110865440	1	turquoise	probable aquaporin SIP2-1	SIP	0.317730933055709	0.461529929852022	0.292234366038585	0.64972613403809	0.407829869719421	0.540087712878416	-0.273118164241134	-0.0699268668138796	-0.566800782251229	-0.248105804432803	-0.006619502581164	-0.140591054453468	-0.197247119852217	-0.162194630664929	-0.230232475848243	0.208100229652825	-0.292175049	-0.17992461640401	0.052952645357454	-0.112735373328539	-0.163175460107369	-0.475031565722364	-0.133376800107897	0.272045356328149	-0.239926424973346	-0.330124566285992	-0.557630440746154	-0.340443964939866	-0.380918515371817	-0.213363840425729	0.441955208090953	0.00430126887881796	-0.285603675470727	0.0740255688890351	-0.0111169748923896	0.945720022634035	-0.309103638432675	0.0522855220834804	-0.0860617718561078	0.597482680125061
LOC110866810	5	green	aquaporin PIP2-4	PIP	-0.110134990922046	0.0593151978360075	-0.252285075746105	0.0443848749102809	-0.537080663280362	-0.232253728884549	0.152536283434377	-0.369581573167354	-0.228615808351648	-0.672984511401635	-0.58793595369757	-0.122122744715351	-0.174490615602309	-0.131417280860172	-0.155078246582619	-0.010040508636177	-0.196929639868508	-0.556661145423829	0.560474093427178	0.163243776458374	0.0108216053495228	0.381905159040441	0.40259272029411	0.564326952426592	0.617493683267136	0.473453958166164	0.166301001209606	0.179896745661412	0.43711041533635	0.604155180055771	-0.0937137150247067	0.565175422678319	0.0516880585036806	0.751433547930315	-0.309546433011503	0.0519315581607114	-0.20273573940109	0.209612446363022	0.413835257576577	0.00794243719799008
LOC110868317	0	grey	aquaporin PIP2-4	PIP	-0.169935413100615	-0.469558482676549	-0.340442921797774	-0.46005515304884	-0.0955591068424502	-0.144858627064321	0.305886020577282	0.31899911819913	0.460629543602805	0.395269754531353	-0.0156933417511573	-0.0728140822804776	0.108817837522988	0.117016031930034	0.310909046808812	-0.0857525619834883	0.341358997532352	0.288420143551265	-0.248367804874329	0.112714242228423	0.0463000368779234	0.228999848807497	0.158267280235264	-0.371119097602398	-0.0329102040710959	-0.0719940319812639	0.515393741268965	0.446686866473413	0.222225284187403	0.08900745602609	-0.202458616818754	0.210249256555516	0.170450662137554	0.293001496517874	-0.0186930554930584	0.908852362154129	0.581749172680883	8.24476030080166e-05	-0.202927772641834	0.209171953206925
LOC110868318	0	grey	probable aquaporin PIP2-4	PIP	-0.000349670780681768	0.128803664910862	0.194433022762249	-0.123741269608569	-0.0760441290647431	-0.13210887502533	0.0678469666271733	0.0364005846832411	0.230889726964998	0.0858736242281056	0.301061727247805	0.382976363787507	0.187399962494948	0.156427414516549	-0.0988204160860561	-0.210374476530856	-0.0699463199868027	-0.00377413073071399	0.0896101152574892	0.0137916460889266	0.308181172567284	0.183244390762445	0.0582423004113999	-0.141357003630608	-0.0174047368557253	0.191002305883368	-0.0348238676405594	-0.146066992197999	0.0545088572095659	-0.117414075962824	-0.198820757902839	0.218733627681737	0.0798251050235541	0.624394444513109	0.0421363443302251	0.796285184172165	-0.139560416323764	0.390405084823245	0.187626846505686	0.246309774570043
LOC110868323	2	blue	probable aquaporin PIP2-4	PIP	-0.211509936579614	-0.179996497312763	-0.117355223369802	-0.659314657139428	-0.479720187227738	-0.279505714352187	0.592003324478888	0.305854569835466	0.658946660925475	0.164914292039211	0.220122326370208	0.474587199423869	0.0188881411837504	0.353362255973007	-0.0195075653026274	-0.554794450941919	0.0763291107472151	-0.0245593502231773	-0.185233930026766	-0.400583663043043	0.1950224306201	0.289896656363266	0.421290443497245	-0.227240492353464	0.333947565213748	0.522131098921839	0.308680345758148	0.141327979213127	0.406509134633534	-0.11811917851558	-0.526409773407486	0.00048460235174753	0.6086756488744	3.08338296663018e-05	-0.033052777798949	0.83954889332363	0.144299153567334	0.374352194925293	0.114564265400494	0.481485760906457
LOC110868334	10	purple	aquaporin PIP2-1	PIP	-0.135543162216226	-0.460081759100322	-0.365814573201996	-0.650727268641881	-0.383242421209758	-0.311843807189881	0.591378496588324	0.360763485971175	0.654768374489645	0.313806755891283	-0.0559556766020947	0.132763655405323	0.250287291721695	0.378983385843659	0.368398965141732	-0.252780709814402	0.206063889869048	0.0299976405548554	0.023724077127623	0.238201885106605	0.256663199371213	0.58660866822733	0.424462597076925	-0.38762927563777	0.171925678479014	0.184587230337383	0.757962602397038	0.319765883759098	0.676919899047091	0.405990724431592	-0.366120344713848	0.0201553260267254	0.494036649327342	0.0011956571099656	-0.242572000221467	0.131519092009566	0.398193023399458	0.0109357132927636	0.0515183773991882	0.752223797122105
LOC110868335	2	blue	aquaporin PIP2-4	PIP	-0.00231583792952771	-0.390606709870133	-0.263796583746313	-0.627663487482885	-0.197675595295487	-0.122008867713624	0.629823575069898	0.564432403217186	0.705814794785511	0.496816544596894	0.14655507250894	0.220682187508595	0.294005512997181	0.506042794086231	0.466528422704507	-0.329702980469576	0.150784465114468	0.0922498949735537	-0.149727236566571	0.124163036963637	0.304895259760723	0.418826046990063	0.277920591869355	-0.556026964388101	-0.0251422489135304	0.0178659647338323	0.620414645441244	0.188801773079658	0.570763890720671	0.20454873415031	-0.302533351567989	0.0577688281391579	0.567377808719821	0.000134631746403077	-0.190089638574635	0.240051036503977	0.369392508764705	0.01898603597069	-0.0740952010327485	0.649551899182542
LOC110868358	13	salmon	aquaporin PIP2-4	PIP	-0.216359851356345	-0.563994559552694	-0.462288907845357	-0.580466491277901	-0.312887083617869	-0.290103014551385	0.452940744825133	0.292877205626456	0.533746269186759	0.308514978221728	-0.188273578027414	-0.088263333665072	0.177616033709741	0.204321755471748	0.321677635643617	-0.0582572602528516	0.332007717420455	0.139866486849159	-0.0196513905324281	0.34838122573715	0.217011355795776	0.541145623613541	0.300141434286967	-0.330753313778112	0.144681683284176	0.0757625215396928	0.791293996343943	0.431829794583112	0.541395508670552	0.470188516936788	-0.309961297744186	0.0516016690901807	0.333274870868047	0.0355994541956271	-0.174174414026177	0.282425233215658	0.503690969607721	0.000921847436961796	-0.0252557736713203	0.877064930114114
LOC110868884	1	turquoise	probable aquaporin PIP2-5	PIP	0.477638421346308	0.777591772956075	0.404721802854665	0.845684202137073	0.220179502918376	0.383424502175096	-0.341447416429767	-0.419906354666613	-0.831770025338573	-0.65296760335108	-0.164515992097228	-0.00513604334062882	0.00860572220587486	-0.122723383536208	-0.201826456970701	0.0938687619394094	-0.69950454764975	-0.667906705946085	0.735083851773534	0.338361817917561	0.0885715090686589	-0.0829566110476898	0.0711943318262807	0.583991684495346	-0.0218057793095527	-0.223071710555025	-0.613643208699516	-0.453428386556994	-0.0938766144528702	0.163963190933405	0.54104746121731	0.000312470251647439	-0.377165601245106	0.0164346928490203	-0.46724606156269	0.00236796531139608	-0.454165038975802	0.00324247689937668	0.306873166116101	0.0540980795959539
LOC110868941	10	purple	probable aquaporin PIP1-4	PIP	-0.0281356076090139	-0.219240225535719	-0.369938311070727	-0.355542419877173	-0.356882203964007	-0.0956718436621874	0.555015117334526	0.277925134188687	0.327708172827415	0.0237704011332691	-0.220445273627342	0.0668895345713426	0.129600273204746	0.259296017042855	0.237568607205812	-0.236588927842078	-0.0296008861782459	-0.277018131923241	0.334354728465151	0.488373114878557	0.417686147960925	0.660999038415524	0.559059530605933	-0.0890348665420325	0.248531326476947	0.0358700355630345	0.607978949493395	0.274834793696164	0.642992255336267	0.566353667074238	-0.2293177928889	0.154622636373987	0.336500691384122	0.0337469693738514	-0.492936228731961	0.00123104108049421	0.354415043469058	0.0248432755687406	0.228051467059228	0.15697565205811
LOC110872387	9	magenta	probable aquaporin NIP5-1	NIP	-0.29827223130611	-0.724266275055199	-0.366109948197397	-0.299125824857761	0.0319011093157267	-0.284459867646298	-0.0470778250561749	0.0318984199539804	0.258002991265091	0.382486262689968	-0.254592193964495	-0.593435130967957	-0.0949330691304023	-0.110427465662199	0.13314063580687	0.511988419012004	0.699147306787626	0.681385207152326	-0.558116237196897	-0.1818094739418	-0.541538944033734	-0.204202805169731	-0.298844115968071	-0.313463412188822	-0.0828960950138351	0.0485562713937146	0.441643420506603	0.411727875462772	0.00838160775896469	0.0734694663566521	-0.162190458482753	0.317361124555648	0.145286701522006	0.371056849135484	0.57055554365103	0.000121033483617504	0.318172343174652	0.0454116402159429	-0.546428237133906	0.000264567650267488
LOC110872551	0	grey	aquaporin TIP1-3	TIP	0.00257607475679946	0.105286640273171	0.0645046397287824	0.116243323364254	-0.0604189288522294	-0.258013698734893	-0.166053789894557	-0.265640230877263	-0.108150140695577	-0.128019911264457	-0.0518498386730303	0.0800753587747587	0.251005805160036	-0.0614493435042181	0.0378035375236756	0.0533083580454297	-0.106036276072407	-0.128184158140322	0.498232053506821	0.598551034387101	0.401077271624037	0.454860089039013	0.136573173862357	0.0872893689995254	0.0215877587494523	-0.0309658690729044	0.0766651703056662	0.0325759260233442	0.0970771573779005	0.329136940523367	-0.0391195326498561	0.810593992213288	-0.227015662412738	0.158919612230539	-0.170111953092599	0.293975997654113	-0.0361031337325801	0.824961843883795	0.313695087890402	0.0487077876365462
LOC110875557	5	green	aquaporin PIP2-2	PIP	-0.476705910857736	-0.0652983866239123	-0.205839348018507	-0.403204355953556	-0.827833191663468	-0.591946494994135	0.287406067365744	-0.33409541420624	0.265274785177271	-0.493046109600998	-0.217620350657275	0.343533145794244	-0.135631212180239	-0.111470211144088	-0.454013510473701	-0.335667904984933	0.0279773751829968	-0.349382110318773	0.462081019531969	0.0523520406166373	0.287292155312839	0.708414346801707	0.621562027341427	0.406497183720554	0.77818599766968	0.788341899319603	0.373586297564056	0.255741371182624	0.432006459724085	0.416623353850036	-0.622870374776922	1.76907836813212e-05	0.116395840627297	0.474457490373787	-0.150096937095272	0.355254102347121	-0.129145003766813	0.42706808803872	0.714333010679989	2.26232260402125e-07
LOC110875737	1	turquoise	probable aquaporin TIP1-1	TIP	0.358836790075711	0.632931436628907	0.427989698805733	0.899805166532254	0.388256340295447	0.364703554061462	-0.571102616448145	-0.462031394424137	-0.870061244917012	-0.518643635172477	-0.1320287352798	-0.195402027246617	-0.073884496732369	-0.305593360056983	-0.323761244340726	0.376184284143895	-0.440769602260552	-0.354483897612964	0.464680579532524	0.224694738461264	-0.0764758659400834	-0.313924316557678	-0.175047013946488	0.52064960542344	-0.164113345243043	-0.297071133278033	-0.65144641580356	-0.451184978114755	-0.379436390351867	0.0495766196915139	0.558432517863084	0.000180640974923517	-0.565391094830588	0.000143819833413396	-0.0963137997165058	0.554384281730728	-0.540804841825306	0.00031480295779707	0.148831172291685	0.359372354910284
LOC110878958	18	lightgreen	aquaporin SIP1-1	SIP	0.166380068728023	0.0691922290743924	-0.158382295470462	-0.447429295396016	-0.386645069447331	0.10492154886816	0.853931182470844	0.56190139050748	0.530941109681609	0.0531516572475183	0.123482129155329	0.513474252076896	0.0723460444319491	0.56425685408915	0.285947836716818	-0.704979940166026	-0.315842900409132	-0.459171376082884	0.137506161087748	-0.127218940500904	0.35062867485802	0.407251484451372	0.580007920336455	-0.190556630585118	0.259227454531362	0.212541798117727	0.295181035209818	-0.0652095187641016	0.675384618797963	0.122181154609502	-0.279460346290296	0.0807414689499808	0.685360640174703	1.06501331493897e-06	-0.490467783671734	0.00131380831059674	0.068233248194009	0.675692080420772	0.239477064646116	0.136668766280636
LOC110889695	4	yellow	probable aquaporin PIP2-5	PIP	0.761929997129345	0.587377164393899	0.579041021532585	0.715987138638648	0.908628601070987	0.798021200671229	-0.314110184710181	0.266129909341446	-0.488587765434744	0.26959236488722	0.429752203970224	-0.0126379909923091	0.224523562474142	0.232635894362895	0.30503452941331	0.117146890349549	-0.485022674211732	-0.0283506041364981	-0.122010130135775	-0.019919681178983	-0.0442273808404862	-0.690468678735719	-0.4738942052735	-0.236660159599365	-0.80747042013042	-0.842044402036449	-0.738283394984828	-0.639356763944394	-0.443184586371747	-0.508228386423429	0.777267588297582	3.67241559017825e-09	-0.151696476026928	0.350090971190403	-0.148973326946308	0.358908415278477	-0.136090618427859	0.40240978877675	-0.46224451328584	0.00267420416861908
LOC110890906	15	midnightblue	aquaporin PIP2-7, transcript variant X1	PIP	0.535915342332911	0.738671947237993	0.69419573096757	0.379130863465478	0.0885759079524926	0.12226183473084	-0.0621455171289456	-0.257681314873672	-0.327957285242026	-0.296134522211899	0.313074587164401	0.484993330902147	0.40533327362344	0.373554468735733	-0.0250504175755581	-0.285833085979433	-0.732099634869638	-0.575269593928547	0.527791028808653	-0.0264709469188982	0.13032695250349	-0.0237195759037036	0.179631992540757	0.16149960740301	-0.0696537148264468	0.0529353267898865	-0.476530279378939	-0.68041553121267	0.21229750030298	-0.0577589315260566	0.382743347901321	0.0147875319876461	0.0771679403606348	0.63601088041907	-0.48154093639324	0.00165574893869551	-0.532063709462112	0.000410014067846073	0.263136244422104	0.100900670719966
LOC110891299	7	black	aquaporin TIP1-1	TIP	0.501973872719776	0.357827106714779	0.413839343007987	0.0859312339898645	0.0345552209266678	0.178817543113268	0.322268863060789	0.131865049654196	0.0493388111782707	-0.0164500606237653	0.236092050872292	0.33052031611735	0.319795506280569	0.586189584598803	0.191836529197946	-0.229439056335427	-0.451900562089328	-0.354326010002536	0.153119948624702	-0.311323448754056	-0.0157494679531655	-0.10044946690431	0.0422488114634239	-0.150680658678692	-0.0846407451630143	0.170732398984913	-0.12288014190781	-0.5255154856427	0.471361171954458	0.0181151115779173	0.217415215839465	0.177775296737384	0.532151397934688	0.000408943158373755	-0.259735994423476	0.105546441765154	-0.422833823424598	0.00656306802333774	-0.0614189837932923	0.706555717765531
LOC110894830	9	magenta	aquaporin PIP2-1	PIP	-0.239170419081026	-0.537110551599477	0.00663635528061622	-0.108650506816793	0.261425562890306	-0.274376639220827	-0.367549553582758	-0.119085467473581	0.13605651034066	0.448250465313915	0.0312490708980187	-0.468850383136477	0.0171792759881232	-0.142584592315351	-0.118967505948789	0.662264576644476	0.702162321821747	0.844712153786592	-0.624307723789802	-0.273156679455146	-0.576893762433183	-0.427085191563921	-0.567554551395923	-0.363719355370088	-0.311227920313075	0.0228558728977214	0.197493743405793	0.0939928280963015	-0.25790771833106	-0.163745970752685	-0.0514841619163111	0.752383177795336	-0.0350299485529132	0.830087553003598	0.855658322722644	2.00866161018633e-12	-0.101430920016595	0.533433836255229	-0.54859290125712	0.000247238321696482
LOC110895309	1	turquoise	probable aquaporin PIP2-8	PIP	0.249554892547539	0.582448613379161	0.442686686570936	0.797158626539299	0.252877477604146	0.183697641522457	-0.564175807034874	-0.582051155172737	-0.77768913468325	-0.546611093557088	-0.113496407634847	-0.126308866597569	-0.061932324752109	-0.311554496742318	-0.447751428854242	0.362622696610509	-0.357617822312022	-0.29723676588205	0.474882195795961	0.144343909243449	-0.0669255875260038	-0.232697758222688	-0.150987223718777	0.53036946125126	-0.0486427379315648	-0.0671040262989819	-0.571955627204566	-0.371980890216465	-0.309460364939178	0.0674535354406659	0.393078598979339	0.012102936452716	-0.495417275833967	0.00115253981252561	-0.0428023442347012	0.793134995856001	-0.473718303510925	0.00201764965497367	0.188782969212794	0.243358165181252
LOC110896719	0	grey	probable aquaporin TIP1-2	TIP	0.178930375905179	0.11059872263927	0.181467877509322	0.462477802588516	0.492147589507608	0.332160556469083	-0.374049844590834	-0.0216997435381051	-0.326685433011002	0.0835955748137707	0.0868393426330005	-0.278921337417405	-0.145012952095805	-0.16647690192946	-0.0796464284942437	0.387324528605821	0.0829354332348777	0.275588325659071	-0.256814678328971	-0.191639201365884	-0.28251579410675	-0.542667638819449	-0.477164607240759	-0.0212311545027995	-0.384217543483024	-0.32435330094585	-0.399114845770672	-0.187884733742664	-0.464918490033229	-0.311004607919306	0.265694547778449	0.0975095951323483	-0.237669229943371	0.139745099401172	0.415469296220525	0.00767489302701171	-0.139699640929154	0.389927802564865	-0.372272210410133	0.0180045971503733
LOC110897890	14	cyan	aquaporin PIP1-3	PIP	0.14152400828548	0.447872618177787	-0.0064198064380426	0.480263172998787	-0.296683773416026	0.0673955782452211	-0.0241128436529109	-0.4598608096565	-0.589022135628245	-0.842819715414725	-0.511136073553354	-0.062554046031704	-0.149503863306256	-0.185812445569701	-0.294235764137554	0.0309897413106395	-0.505458180225826	-0.786315199166008	0.898718974061158	0.452466807061048	0.116971754965775	0.366922883953537	0.451127204172917	0.742089969945532	0.449655643560534	0.15319254323678	-0.114890606620499	-0.101361476917139	0.305212490994733	0.611052906792272	0.166793961809264	0.303632396059602	-0.220416946384218	0.17171577792401	-0.554671711514231	0.000203898249465766	-0.333505071528067	0.0354645566109375	0.578821333078885	9.12799079740718e-05
LOC110898014	12	tan	aquaporin TIP1-1	TIP	0.923056039529901	0.821317644969111	0.758240921871421	0.596419037222514	0.64998268684187	0.627396610854927	-0.0625886412962797	0.205078000595335	-0.378502192032621	0.126206624889546	0.521375967503443	0.387766726733215	0.554756729988984	0.553738061944759	0.413315972869496	-0.245796393515747	-0.838226818697413	-0.43624083561186	0.303238855996674	0.131472805103926	0.285375258513422	-0.301391915570859	-0.133674632421542	-0.212897322995946	-0.623501462906349	-0.594908329419268	-0.650291713944006	-0.802423851184534	0.00548451465485052	-0.278417594203731	0.733005490475247	7.51469922566566e-08	0.0707865037850812	0.664257929296879	-0.563423952406237	0.000153471685855249	-0.285309167964291	0.0743371857138865	-0.134923036688617	0.406496610277073
LOC110899589	0	grey	aquaporin PIP1-3	PIP	0.186777655999689	0.323261166404984	0.248650881239669	0.379891984294095	0.222757399734989	0.111251889055694	-0.280214341988735	-0.206116700836334	-0.363441713482742	-0.126022548481109	0.062571193923412	0.0390833762035247	0.089392357670991	-0.0734221674011593	-0.129179654461889	0.112876232198931	-0.206198594791569	-0.0949523483535719	0.260411613975039	0.238715529662542	0.181012258953794	-0.0299182910931763	-0.0391293120130194	0.131630170548458	-0.143868537555321	-0.153854346814301	-0.288904271969904	-0.0781536863936556	-0.159276332055282	-0.0163927079923817	0.192344557581009	0.234415714040165	-0.203542539092758	0.207766108229902	-0.134399190855737	0.408337897177466	0.0392982364082324	0.809744652198177	0.0127745438412944	0.937641551223815
LOC110899592	1	turquoise	aquaporin PIP1-3	PIP	0.291824890244945	0.574963430497675	0.578751549203803	0.591289693118532	0.365472798829875	0.147246802748393	-0.533180485105589	-0.377314212642077	-0.497755479258556	-0.212974797767705	0.242023190970876	0.155192151151934	0.146265527627983	-0.115127978393736	-0.202445183312066	0.137189760595521	-0.354967974401209	-0.0983661782674407	0.240688618560546	-0.00579208177552112	0.0152064187270395	-0.311289405170886	-0.337007413037399	0.193353009133414	-0.26987711459888	-0.118045629876011	-0.651225231469387	-0.488602238406167	-0.403163500630595	-0.286011433522346	0.354688188624999	0.0247243716726391	-0.368347887358723	0.0193529756781949	0.0587506118868539	0.7187721478871	-0.437634363702091	0.00474213917819227	0.0566527633213412	0.728425442594808
LOC110899653	0	grey	probable aquaporin TIP-type RB7-5A	TIP	-0.204662513153234	-0.126251257082064	-0.143422342472424	-0.236889895812404	-0.402087613186045	-0.418109332864071	0.150717696674734	-0.157807929232595	0.21543730556036	-0.14308747875964	-0.14387492431468	0.139551342298382	0.14010790698006	0.0130568306057087	-0.115874335577626	-0.0723971374998359	0.0690966700575462	-0.130537027421191	0.429112827852445	0.446678546423953	0.212029058642091	0.620994311974688	0.470634404882476	0.0657596381733742	0.285399252503326	0.262480208586988	0.43643551583636	0.15767265080232	0.415002400804405	0.43268150349007	-0.277437507852305	0.0830537990436997	-0.00551805126603593	0.973042390240272	-0.183031965476917	0.258278062404527	-0.000233180854126947	0.99886062224574	0.409397657376295	0.00870980745907154
LOC110899654	0	grey	probable aquaporin TIP-type RB7-5A	TIP	0.0881381924833918	-0.135244942203781	-0.0479160266485934	-0.343349508353092	-0.199473462694623	-0.24719415556663	0.352407419760908	0.170497359069226	0.397597233117065	0.206311588727771	0.0698230021844556	0.240243344925388	0.40609193841245	0.402247560605273	0.304132641906878	-0.211244137518752	-0.0482238591143284	-0.0911756737092442	0.266704497975882	0.381800797304681	0.244531472179644	0.516428842061082	0.377017443627471	-0.311076441219133	0.0124808316733286	0.0406079523990213	0.462396639777566	0.0286961567214952	0.583333041650643	0.324624337923775	-0.123154558679341	0.448997157121297	0.296969718169377	0.0627623939781815	-0.321920744239162	0.0427929619128391	0.116306323785253	0.474799729451007	0.144389920180571	0.374048593206941
LOC110899655	7	black	probable aquaporin TIP-type	TIP	0.114767293615186	-0.116676059502219	0.0300129219946818	-0.438065611694187	-0.185689009431252	-0.231453418576981	0.429544804948065	0.281674249136782	0.53456669030015	0.317834291052178	0.230587344683997	0.367716853301738	0.432241647127173	0.51199611686647	0.31477769765852	-0.318062801053958	-0.0458909270603469	-0.0419720465484716	0.110744228812803	0.163336078193063	0.209180149906244	0.415977266665496	0.360857257388242	-0.431122510071108	-0.0325199953462603	0.0936255526996978	0.420733880836597	-0.0823128089642428	0.579727533749806	0.157062634170559	-0.158315933845579	0.329213701061031	0.418692708733273	0.00716977451613829	-0.249491462877722	0.120529895054904	0.0587881827418825	0.718599651655897	0.0858949006839326	0.598196114467936
LOC110899667	0	grey	probable aquaporin TIP-type RB7-5A	TIP	-0.233209683283916	-0.177084431005664	-0.0146749815116463	-0.268449951306098	-0.455500008267506	-0.617011358434925	0.0420154827641804	-0.37799201560916	0.188415241146976	-0.174830856606069	-0.161974098633342	0.0943423660062752	0.231605897733189	0.0461614392020102	-0.170761678490084	0.0557906616749809	0.128018481325831	-0.0487853813920691	0.390569514315466	0.267266773645732	3.9568152555406e-06	0.527358357533558	0.373874399695719	0.0726809797792043	0.33340229601884	0.487291537439913	0.455178022667423	0.0766450018953744	0.486317552145177	0.461798556768693	-0.253610527242811	0.114324311309436	0.0674520899639582	0.679204856635009	-0.0369668856756524	0.820841608720993	-0.187658966228726	0.246227448346604	0.334474136348507	0.0349012663687131
LOC110904303	1	turquoise	aquaporin PIP2-2	PIP	-0.0737996280575642	0.174699710336135	-0.252465081033579	0.571285847503673	-0.15151800579116	0.124348565538931	-0.256484319525985	-0.506214251607407	-0.735390229064732	-0.787466902989795	-0.730926203636726	-0.494075340734771	-0.408339364242034	-0.556053262248841	-0.373974892330519	0.398928121249227	-0.166159831551443	-0.470379679887526	0.658016718277125	0.509305622537643	-0.04816578664343	0.192174941508984	0.199101309712147	0.805384121411171	0.389692622537707	-0.0102916365470049	-0.0589084257485611	0.185845318716624	-0.0302284602187033	0.628387164132684	0.1787202426717	0.269855126539119	-0.510235110045654	0.00076947411649789	-0.293092673518956	0.0664403130116878	-0.0556390655910102	0.733104958901033	0.368732863293387	0.0192170608974175
LOC110904450	17	grey60	probable aquaporin PIP2-4	PIP	0.102676697346595	-0.179300097373818	-0.0712871211129182	-0.398673163774035	-0.294164614005846	-0.272141542640241	0.464544839611759	0.164890889480027	0.43284252894718	0.160653823658202	-0.00647470929333281	0.201063481483912	0.437387220489106	0.480173837297337	0.329558894455703	-0.206482712528799	-0.0490010033563586	-0.150806838761827	0.281701462790138	0.293810377169538	0.211558307862051	0.539960502299861	0.39271498316832	-0.299137328903745	0.0947010517340828	0.196272361652365	0.573593164709119	0.032035657688013	0.760807109317942	0.443561579871413	-0.128369278068438	0.429873511084788	0.474506413523364	0.0019782773903825	-0.375249812214546	0.0170349914425853	0.150487201437218	0.353990139843897	0.0759948934781775	0.641166827413778
LOC110904451	17	grey60	probable aquaporin PIP2-4	PIP	0.231499670351074	-0.0109933396354157	-0.00138208851063069	-0.267951161545801	-0.249863126594771	-0.153895723071338	0.480916734144851	0.161728841919197	0.304847786272415	0.0624329432400557	-0.0132202960935428	0.249785547234408	0.438354044489355	0.511761754609208	0.360540122039055	-0.2704952140836	-0.22141552687828	-0.315228699468962	0.380686779127975	0.291929245295064	0.285595322556245	0.505833236826436	0.446338657410547	-0.221128295579218	0.091691954338669	0.144872798764726	0.442246080848198	-0.0521084815427192	0.765785104397734	0.444136787606982	-0.0323287538398399	0.843019208255793	0.464575527929103	0.00252740895916276	-0.482289759013455	0.00162431545084306	0.0632736900228475	0.698106770560383	0.121948831635566	0.453483841664649
LOC110904457	10	purple	probable aquaporin PIP2-4	PIP	-0.0857892429984856	0.0113475038366369	-0.281897179105156	-0.236600164739398	-0.624162352624134	-0.267894063027242	0.477348404943941	-0.0837405221204888	0.13681794018861	-0.41452673328695	-0.352737130920572	0.200474853567291	0.0625424133283825	0.147853993168469	-0.0189435870313596	-0.312242294195541	-0.228557516577414	-0.586383326897942	0.700689833376616	0.490374981486515	0.427921745926145	0.816545896816883	0.728600705574122	0.282853717606634	0.55728476731132	0.366694954944682	0.477288357448629	0.191981850694782	0.730097083065063	0.701023728160102	-0.291773210827121	0.0677301536136641	0.254946465448522	0.112364408133925	-0.601321371153974	4.06936766674012e-05	0.0774358477838817	0.634835694324526	0.567300137628139	0.000134980747873031
LOC110904925	17	grey60	probable aquaporin PIP1-4	PIP	-0.0272059154638276	-0.334365923095129	-0.262066278930139	-0.26451794588187	-0.312252869808151	-0.268337283937668	0.312365701674484	-0.0104853588227011	0.188764921499169	-0.0234760656104642	-0.367519052795517	-0.183623124602543	0.245920454500118	0.19498956073277	0.217996709405544	0.126161114759422	0.0863406557111039	-0.149537433630897	0.320102780879136	0.416319198478655	0.0362678831505781	0.496542754326087	0.310887219915091	-0.0620763202758364	0.220366033111324	0.160950149990443	0.668148587660269	0.190609048021415	0.68278797135084	0.734264242249997	-0.0461974389633213	0.777127463544688	0.208437282651506	0.196807189492165	-0.321556389311103	0.0430420014269781	0.114450603325778	0.481923698842652	0.120434913679073	0.459151565533786
LOC110905693	0	grey	probable aquaporin NIP-type	NIP	-0.301608659652241	-0.418278318468371	-0.202410042899157	-0.316075816624749	-0.0146614021750483	-0.118568649384762	0.0208756422535199	0.167417440403016	0.340066453364043	0.312704026325263	0.06674942562204	-0.15486697814613	-0.178307955627039	-0.10918651777529	-0.052839577435495	0.0822015182025327	0.465926170557669	0.480991810071719	-0.554408067098948	-0.407897497323112	-0.275422401958686	-0.212066354156404	-0.171553309142883	-0.228376893402927	-0.0197851214058136	0.0969753678740511	0.150799907912111	0.274590591557301	-0.192252332358243	-0.26558174047555	-0.265154416972553	0.0982181647749684	0.07136239878075	0.661689140888791	0.444017187583937	0.0041037580569848	0.26472594246311	0.0987830604812383	-0.280353730173553	0.079736344009085
LOC110906290	3	brown	probable aquaporin TIP5-1	TIP	-0.339234969350706	0.1517136926247	-0.100273819012529	0.217061753053231	-0.394012864943433	-0.262198383276491	-0.217998989791108	-0.558399075961588	-0.319881445469159	-0.669363156575776	-0.368342968733837	-0.0626207639558989	-0.40232699563572	-0.485319006559036	-0.653767893858846	0.162221952865745	0.00710106336066113	-0.244093416632444	0.448597849871087	0.134540070772943	-0.00730581898427272	0.251745838211699	0.286159266702188	0.651590986973974	0.498453473238179	0.425956586152496	-0.101787958308951	0.111335391119724	-0.0916698303904789	0.247154176360571	-0.258406618173869	0.10740641210494	-0.31898993382456	0.044829683806003	0.0906288286350697	0.578102900562217	-0.255050153804698	0.112213361110805	0.485781598959658	0.00148458884958097
LOC110906934	0	grey	aquaporin PIP2-1	PIP	0.27870735093664	0.114836531397973	0.20847683168538	0.276176360121496	0.387570136449423	0.20976836286836	-0.217368673151241	0.0267626310495785	-0.150018484794237	0.166134503525205	0.134372207789295	-0.0737602144325193	0.236555139707476	0.0559645830065226	0.219300712836022	0.172489076982378	-0.0859872835671606	0.10890653663566	0.012987409962779	0.163921086732547	-0.0437858690036871	-0.185224805915016	-0.290809378329146	-0.157106591568557	-0.384664037340024	-0.33537683154797	-0.14443864330543	-0.0244401128346144	-0.139238695824856	-0.0969426910986845	0.367336525558944	0.0197138797700919	-0.175518442419758	0.278669718690077	-0.084927813986388	0.602338046027144	0.170141501594243	0.293890900577833	-0.27812921702534	0.0822573755362335
LOC110908794	1	turquoise	aquaporin PIP2-2	PIP	0.272796172759902	0.506768504406153	0.416845134892688	0.759145223632943	0.44570429423726	0.298963969051001	-0.622447930487535	-0.42519230563614	-0.720278762181652	-0.29830766493735	0.0294308595914577	-0.135530662559137	0.0214254531067129	-0.296374456380944	-0.293234404025347	0.311417722905409	-0.289889298745025	-0.0954164052866108	0.369169270994176	0.334231107921052	-0.0930385826613186	-0.256265074019616	-0.163868733822412	0.342887500119796	-0.297914449158477	-0.390382670824786	-0.558956507496061	-0.192833912512931	-0.444955656571988	-0.155561876986071	0.50273537360565	0.0009462081116704	-0.570860764702461	0.000119795093893717	-0.125689536314722	0.439643483759412	-0.0539526620526923	0.74091093816585	-0.0372920853762219	0.819291576578145
LOC110908807	0	grey	aquaporin PIP2-2-like	PIP	0.0587140159905055	0.145446336205934	-0.0816945051342933	0.300443623097962	-0.147036922634862	0.0551306443724511	-0.0196444853129942	-0.261995591174601	-0.364988823019251	-0.468214392804316	-0.408394139745462	-0.205329006580942	-0.0402948717782639	-0.178555556151459	-0.118089619202348	0.154751220777654	-0.220432904066123	-0.433528327381288	0.550404978678668	0.434918644837183	0.100180445532868	0.284708590210935	0.270011332999689	0.420772728815315	0.231641964840724	0.0299108222370351	0.0736438362515364	0.0761239940044024	0.196835439650336	0.550034040885657	0.169632914362467	0.295357799599011	-0.232240571773234	0.149290056200675	-0.37563874143994	0.0169116521178626	-0.0524618074515872	0.747833179339866	0.289147517296285	0.0703556621647517
LOC110911761	19	lightyellow	aquaporin NIP1-1	NIP	0.420003860372493	0.217456941156432	0.578266042843525	-0.136339905360926	0.264926676842062	-0.0702101220381959	0.0833088386062284	0.198539489364374	0.325981537925325	0.515488755503925	0.651346073351573	0.530607094620241	0.782993106063492	0.624918995686513	0.372476726082115	-0.26894528301446	-0.247306802917951	0.079353889323947	0.044561277494921	0.108720993696335	0.313763378516487	0.0916899301011433	-0.0724070317993438	-0.608707364554387	-0.473175078248713	-0.115565826998669	0.00297245841535264	-0.444498550413535	0.256396369190588	-0.196793387799633	0.191472493279741	0.236584345592308	0.25629644535127	0.110409841907845	-0.199578277737202	0.21694774454557	-0.0894789614131617	0.582955423552255	-0.115360827537024	0.478422463685925
LOC110914202	0	grey	nodulin-26	unknown	-0.0601456471688312	0.0590973331790595	-0.130444948380217	0.157488425788615	-0.178788830561327	0.0362605150576834	-0.0154175510412355	-0.201962216455431	-0.254971369061177	-0.399372679222295	-0.329695211302467	-0.151134212339344	-0.189544132658188	-0.194341844488305	-0.146443812821281	0.0780344569988001	-0.0989432860060451	-0.284502596870666	0.280633827255314	0.0950859047700288	-0.0633382127765307	0.0908958389310384	0.160193087273867	0.396651908904873	0.27935589937583	0.0843934302289623	0.00830692160515587	-0.0197532768112423	0.0747814833211087	0.288688980128487	0.0253147121144666	0.876780238871815	-0.159040956671595	0.326975105638936	-0.120855401850973	0.457573555631681	-0.159040956671595	0.326975105638937	0.243947222329178	0.129277757757659
LOC110916097	0	grey	probable aquaporin TIP-type	TIP	0.221981278754272	0.0501734928482023	-0.178840997983805	0.344452081285538	0.0701551387738976	0.129909539320922	-0.074002833935882	-0.156736371674099	-0.388559803484417	-0.249982752715176	-0.449793333962444	-0.377201255543634	0.0973369008862423	-0.082643512914117	0.241314035668424	0.263990717340826	-0.182537270840614	-0.285258701408734	0.537771734181983	0.673631163025537	0.0869783187731077	0.264730059938728	0.08243308805509	0.211949593904238	0.000978574930226461	-0.258071001662767	0.152601441590151	0.164500197100496	0.246129821111571	0.559147273482009	0.31417272938376	0.0483472189196612	-0.187873083304647	0.24567911683582	-0.445740032408185	0.00394483504295089	0.272885921278602	0.0884449174388851	0.00620270609132318	0.969699070791074
LOC110921506	0	grey	probable aquaporin NIP5-1	NIP	-0.0936295870247992	-0.422486051227671	-0.297663051082834	-0.0310859422308915	-0.0674237883707464	-0.113886238280165	0.0234369351407019	-0.109481136899702	-0.0430949541689779	-0.0226475175715344	-0.478623311243969	-0.590093506497898	-0.10432577733553	-0.0893845231708203	0.0704778665703494	0.488919017608788	0.313278159944705	0.18617151674392	-0.0950789238397931	-0.00808262811246627	-0.461616440583538	-0.0729833106110373	-0.0660593568541191	0.0207643345126759	0.0936850921527943	0.0925947890828152	0.363690035301326	0.181780442284622	0.242523044275111	0.399413022744698	0.0600364933256468	0.712876250069653	0.113790334944543	0.484471808400332	0.133567840891322	0.411269808969129	0.160942364528522	0.321149482605678	-0.311131269356696	0.050680397771815
LOC110923014	0	grey	aquaporin PIP1-3	PIP	-0.0687451881398392	0.147031817861446	0.392211429015633	-0.086358420260465	-0.325818351369713	-0.519513921436373	-0.121081876677135	-0.510766899778181	0.0385799050618649	-0.254490197042677	0.112318771829945	0.304038325853859	0.251239514629688	0.131480693790794	-0.327966124853264	-0.0111798732266311	-0.0795714972791436	-0.105710111367792	0.258520984871387	-0.236880467984191	-0.142624404304443	0.130764785102452	0.0907249139723292	0.127998701792754	0.254744635206757	0.639529085778172	0.00667204745312201	-0.338101090495142	0.292590696457133	0.107711064556158	-0.123744772195269	0.446809734728042	0.136748419334095	0.400117779381243	0.113929072822941	0.48393580980911	-0.600640824438733	4.17376169749677e-05	0.280100192637626	0.0800205957477769
LOC110925968	15	midnightblue	aquaporin PIP2-7	PIP	0.674042336156791	0.92026836086649	0.764271987360652	0.450018320853398	0.217769341117314	0.368075400690721	0.0143642220433873	-0.0497998168791699	-0.330711414661361	-0.242905985990173	0.46150331987797	0.628812738606955	0.391605397510393	0.447435790990325	0.0687979547670078	-0.487093814206253	-0.899819347015734	-0.66300753540855	0.448846333304604	-0.130486424511187	0.325466271073367	-0.138189861857285	0.122009999701821	0.107954757418383	-0.17961169358865	-0.0706353225849431	-0.683077312319151	-0.756914301857969	0.0851444513798572	-0.274423840434252	0.464923876943268	0.00250609046800875	0.123430306659618	0.447974467389474	-0.565461307018292	0.00014348570144207	-0.490012347131068	0.00132960621214913	0.203163993812206	0.20863098343619
LOC110926365	0	grey	probable aquaporin NIP5-1	NIP	-0.242499124736103	-0.315038176072138	-0.197954124409656	0.0825872060051628	-0.240971524436181	-0.467707204812643	-0.288348056757082	-0.568905346031537	-0.222695421359091	-0.313590429557221	-0.56074048273716	-0.51523540973701	-0.00684455010855623	-0.280151887726776	-0.196968892068735	0.595100381027556	0.295194947979707	0.0939177684216021	0.323506680435962	0.343385085890597	-0.321201520160305	0.22995917696422	-0.0194697993943171	0.279953203089706	0.261884437625789	0.29365579871425	0.347697682110896	0.204221909681138	0.237547106718982	0.604748168263213	-0.0294746752191101	0.856726995353924	-0.14372634992308	0.376271515797104	0.172573336788832	0.286941786161717	-0.117129714997571	0.471656666472016	0.0343756325164435	0.833216097704507
LOC110927047	7	black	aquaporin TIP1-1	TIP	0.322193473097681	0.346311026149849	0.221006517035819	-0.121686465707799	-0.294446361348483	0.0758681965694734	0.607616459878401	0.203287395000221	0.177380603409761	-0.175774652681146	0.149307979496531	0.499943681286614	0.154324768302617	0.568309627287601	0.0114846797616345	-0.507392237492582	-0.479979521449925	-0.570252734990083	0.301530527861131	-0.218384004054048	0.201472257445754	0.227753522056835	0.586681177868991	0.00754984638202582	0.225222074551992	0.304005575340007	0.0227654345807156	-0.336954824478285	0.64333168065232	0.135554820217471	-0.0795278745554845	0.625689484470515	0.616603526618027	2.26839709886934e-05	-0.419607380309609	0.00703176619827922	-0.376453847916379	0.0166555995761623	0.273955022471573	0.0871549316336571
LOC110930503	9	magenta	aquaporin PIP1-3	PIP	-0.453128258078819	-0.588427175397162	-0.192112520487491	-0.238013395416709	-0.241114568813836	-0.740331882172563	-0.34552853228726	-0.534134035064373	0.0881842127589149	0.0241154349906951	-0.360744572281691	-0.430292495363382	0.161768124980983	-0.279909443566011	-0.159801213573169	0.619882092450306	0.617299547477591	0.470131625979183	0.0297892967044424	0.280772793134685	-0.300722504818742	0.252294032793234	-0.178814362821884	-0.0230096680461421	0.16261061680145	0.383978042656221	0.571293113288613	0.324943767118561	0.160928883621672	0.498891218021489	-0.199590160850658	0.216919810091587	-0.196654179245458	0.223897283472405	0.458179401955849	0.00294814919768732	-0.082338360757462	0.613488936197012	-0.0188901992047641	0.907895174873755
LOC110930648	0	grey	probable aquaporin TIP-type	TIP	0.207950466232461	0.216914744800547	0.212180634588471	-0.188843190841201	-0.127112084837769	-0.106938720841173	0.315802910170112	0.168366348944842	0.310561006708501	0.123389005205226	0.326650720992384	0.541662090587765	0.434247677569464	0.436186594970646	0.180907196860413	-0.445255939778063	-0.304006661128978	-0.257074742061907	0.383656379450277	0.327254978752938	0.471645798455451	0.490590101150511	0.450576532506949	-0.236890194525291	-0.0442270420610253	0.0167633749959672	0.145424972285637	-0.175478306802965	0.425655913946336	0.0760996226988703	-0.0957045226033089	0.556904264266536	0.236417456782561	0.141904970478102	-0.421782107419212	0.00671279479342611	0.00982820325815646	0.952004837209669	0.287657673619085	0.0718806487166832
LOC110937325	0	grey	aquaporin PIP1-3	PIP	0.0303942816827631	-0.0186190057755674	-0.184611370691054	0.414075574490758	-0.0715891546624756	-0.0555082335538242	-0.234990004295407	-0.457267001892971	-0.518684473735202	-0.479899473766012	-0.636215685183628	-0.51605132254634	-0.0330336861750476	-0.298579811889618	-0.116448831099835	0.521164118660843	-0.0391851392952776	-0.272346972064174	0.620298147282629	0.659191874171349	-0.096312794906351	0.276095606693589	0.0706206619408196	0.452059082170845	0.191160607034512	-0.0344351638187815	0.220279418240664	0.164778500012018	0.228839209127779	0.763062563862137	0.242173376004993	0.132174141494568	-0.349364289420327	0.0271290157968171	-0.25635123098933	0.110331068431117	-0.0345388646601624	0.832435380687898	0.1808301496701	0.264147998974284
LOC110937771	0	grey	aquaporin TIP3-1	TIP	0.175711696842764	0.416079014437306	0.139025994558733	0.487464095475845	0.0268205991634024	0.225458335666216	-0.106599833036942	-0.243313175408676	-0.469004034219013	-0.470212289194358	-0.163975579519563	-0.0307718401173367	-0.204900578585858	-0.152195355336375	-0.345075721041332	0.0835665607866011	-0.309655638953526	-0.39902218612111	0.37501207593703	0.0632090768450836	0.0643697211177514	-0.0446799227179789	0.11510133966835	0.439155582634745	0.130591653456433	0.00818870785856766	-0.306742728068934	-0.195835830155725	-0.045505501980266	0.155258750419847	0.145913730174889	0.368973518460888	-0.190139435683155	0.23992560643472	-0.153589544334708	0.344039749093397	-0.320206241203294	0.0439751070724428	0.260085882923704	0.105061003781011
LOC110939970	0	grey	aquaporin TIP1-3	TIP	0.56178138241604	0.288021968806612	0.239673373217085	0.388021937208208	0.21330590301293	0.304363824870988	0.0584995307599094	-0.0369743428697653	-0.347724714048664	-0.148553434417789	-0.164540234731754	-0.153085307381485	0.349957099995573	0.318466200347223	0.304565654189096	0.124681184802805	-0.445193804398626	-0.405378695083362	0.421024499573238	0.268890001875183	-0.0967119165933472	-0.0334347130079189	0.0744620534340181	0.0364706400738374	-0.184427095472282	-0.239533384525671	-0.0277876279831758	-0.285654202935718	0.411236976608368	0.350504800358462	0.58004820431787	8.74795111236006e-05	0.120161017859795	0.460181014809503	-0.525347135208771	0.000499904274051183	-0.104010885886642	0.523018747065851	-0.145522248852924	0.370273412306188
LOC110941540	1	turquoise	aquaporin NIP6-1	NIP	0.130132766457752	0.115357115900948	0.172010316040282	0.693382609048898	0.633296898264106	0.271481951536724	-0.786151507157199	-0.341294972275108	-0.669520110867822	-0.03069939927495	-0.123853789777044	-0.564256346657959	-0.0740505156697717	-0.498843535852993	-0.0966560171620419	0.674305353985119	0.1048615182819	0.324864991166128	-0.0538715540082369	0.242396283722988	-0.34178432512514	-0.518642702773329	-0.596473351319419	0.156360979591938	-0.455481774620065	-0.530517250394531	-0.43219910121612	-0.000140780563236637	-0.690151393467666	-0.178908158954331	0.54534922998024	0.000273607120626577	-0.716205128471217	2.03361835385593e-07	0.267669470790474	0.0949521371796067	0.113088530460953	0.487187879290178	-0.398163994621608	0.0109420570916923
