module	trait	correlation	pvalue
ME12	drought	0.816863471184002	1.29308456985582e-10
ME12	cold	0.269235216599635	0.0929614588744897
ME12	salt	-0.49411166142375	0.00119327825109451
ME12	control	-0.252677891746484	0.115707776411925
ME12	heat	-0.39442203784379	0.0117865213226119
ME15	drought	0.549029989798416	0.000243865712150805
ME15	cold	-0.128533009671298	0.429280519589719
ME15	salt	-0.571349431472687	0.000117836242191181
ME15	control	-0.396917024444471	0.0112175422011112
ME15	heat	0.214606304982189	0.183582564954295
ME26	drought	0.654899067623779	4.54139426530805e-06
ME26	cold	-0.00824861037952853	0.959711740185677
ME26	salt	-0.168620786125721	0.29829102203783
ME26	control	-0.426871111877468	0.0060147485000641
ME26	heat	-0.250835749125318	0.118477462234694
ME1	drought	0.742299221151372	4.19456384153566e-08
ME1	cold	-0.54944182091371	0.000240725926849603
ME1	salt	-0.189494379528309	0.24155382311788
ME1	control	-0.312443631809479	0.0496627882479212
ME1	heat	-0.0849979151448534	0.602037393498523
ME4	drought	0.798044567092495	6.95398083860931e-10
ME4	cold	-0.201783104884752	0.211807167211086
ME4	salt	0.0456620593228127	0.779645884504892
ME4	control	0.00552601741210458	0.973003487080334
ME4	heat	-0.684470025251822	1.11385487936712e-06
ME27	drought	0.580865181071667	8.50289557858566e-05
ME27	cold	0.00840267319017177	0.958959890703846
ME27	salt	-0.370070384666279	0.0187510586854095
ME27	control	0.0329155044000794	0.840206629718967
ME27	heat	-0.281858468113581	0.0780654954369829
ME18	drought	-0.406059057462263	0.0093282595629016
ME18	cold	0.797165117346295	7.49022825042116e-10
ME18	salt	-0.368231481351553	0.0193942308894622
ME18	control	0.160520796149755	0.322435453928426
ME18	heat	0.152335912548993	0.348039795126233
ME21	drought	-0.0423224052134907	0.79540479062393
ME21	cold	0.581532484726368	8.3073696835382e-05
ME21	salt	-0.196252407576881	0.224863953128151
ME21	control	0.336814665984022	0.0335709696380522
ME21	heat	-0.305543619314813	0.0552022320200155
ME2	drought	-0.614293016146903	2.482811625394e-05
ME2	cold	0.644565065945967	7.16413858816798e-06
ME2	salt	0.16670513901773	0.303893646473015
ME2	control	0.309941847616248	0.0516170976024562
ME2	heat	-0.0686745074957182	0.673710775538368
ME6	drought	0.106166150663585	0.514395668077307
ME6	cold	0.37956509641836	0.0157080726483374
ME6	salt	0.256877916506366	0.109575946536011
ME6	control	0.344811373666184	0.0293361711919328
ME6	heat	-0.696209741999848	6.08937687363474e-07
ME23	drought	0.212710816170483	0.187576822929025
ME23	cold	0.251288581805606	0.117792042139903
ME23	salt	-0.0591849956772973	0.716778636186579
ME23	control	-0.0258709029232589	0.874094420415096
ME23	heat	-0.277535003023323	0.082941182966266
ME29	drought	-0.154487441972768	0.34119215637969
ME29	cold	0.356021210562272	0.0241508555447056
ME29	salt	-0.422695671490513	0.00658257001708333
ME29	control	-0.120031842337292	0.460666956410467
ME29	heat	0.349597027044463	0.0270199909355597
ME19	drought	0.480729350331315	0.00169042228076369
ME19	cold	0.255862588212059	0.111035169546884
ME19	salt	-0.271060813810055	0.0906811789147602
ME19	control	-0.078547866121089	0.629967246043601
ME19	heat	-0.33877106003411	0.0324912027505509
ME7	drought	0.26168845677915	0.102859288752978
ME7	cold	0.804458004579254	4.00034487650353e-10
ME7	salt	-0.372335343709411	0.0179835676274421
ME7	control	-0.142028132014347	0.381995980086828
ME7	heat	-0.315878101431871	0.047077362030757
ME8	drought	0.429926129785263	0.0056265922050417
ME8	cold	0.47765977322292	0.00182742870352886
ME8	salt	-0.320519270840695	0.0437573218070803
ME8	control	0.202364117871004	0.21046671610654
ME8	heat	-0.525367672415981	0.000499604491582238
ME16	drought	0.260229873483326	0.104861724910061
ME16	cold	-0.493898311723781	0.00120005523613963
ME16	salt	0.56483145870657	0.00014650830726874
ME16	control	-0.0881482163826125	0.588593913292322
ME16	heat	-0.372970703996434	0.0177730779192212
ME9	drought	-0.545374452249043	0.000273392689227144
ME9	cold	-0.120854229000716	0.457577953041091
ME9	salt	0.792350071628297	1.11785887689965e-09
ME9	control	0.331691012060798	0.0365390257428583
ME9	heat	-0.220352250597575	0.171844792653833
ME0	drought	-0.143581180512632	0.376758866187161
ME0	cold	-0.106351439586396	0.51365766572343
ME0	salt	0.812778933868314	1.89274680305004e-10
ME0	control	0.305449330985097	0.0552812154133544
ME0	heat	-0.610325900240843	2.89450400206197e-05
ME14	drought	0.0981266344764732	0.546918195239224
ME14	cold	-0.272045252185879	0.0894696097754821
ME14	salt	-0.649877808965867	5.67952863900201e-06
ME14	control	-0.246912934878135	0.12454133622362
ME14	heat	0.699520715499462	5.10935306133819e-07
ME22	drought	0.0603429759095405	0.711473408063045
ME22	cold	-0.489646649296219	0.00134241278503494
ME22	salt	-0.41637878970773	0.00752936531375268
ME22	control	0.268289541246645	0.0941599003953891
ME22	heat	0.390109941861593	0.0128278341065563
ME24	drought	-0.199273943190846	0.217664011369876
ME24	cold	-0.0115249225056327	0.943731285799704
ME24	salt	-0.594769125179086	5.18094007450903e-05
ME24	control	0.272353622981082	0.0890926761389396
ME24	heat	0.513529650233696	0.000701609921376111
ME10	drought	-0.616354736406755	2.29064419916134e-05
ME10	cold	0.0475192139718388	0.770919514703238
ME10	salt	-0.380642647487561	0.0153906999183467
ME10	control	0.217031150765908	0.178561485686774
ME10	heat	0.738243570481028	5.42610846892825e-08
ME28	drought	-0.532971816028213	0.000399044424707578
ME28	cold	0.272752431450727	0.0886070191046416
ME28	salt	-0.464495428503933	0.00253233338041242
ME28	control	0.0123741784211335	0.939592272937741
ME28	heat	0.713933296187386	2.31414081445781e-07
ME3	drought	-0.143402801931689	0.377358215049417
ME3	cold	-0.528118404926034	0.000460875261973582
ME3	salt	-0.149476024667521	0.357270698626846
ME3	control	-0.232353070390812	0.149087531410778
ME3	heat	0.666799656230886	2.62847366279042e-06
ME5	drought	-0.705127977510764	3.77533032181228e-07
ME5	cold	0.0106226031908259	0.948130509373457
ME5	salt	-0.0577710152220497	0.723274528003679
ME5	control	-0.0501715388534859	0.758505160464195
ME5	heat	0.734313853750401	6.93258177725817e-08
ME11	drought	-0.612913976372058	2.61943683690098e-05
ME11	cold	0.243372518093508	0.130210920548946
ME11	salt	0.219456233349272	0.173638772661963
ME11	control	-0.21556167448498	0.181592452953878
ME11	heat	0.392795253162748	0.0121705863189808
ME13	drought	-0.594732417728807	5.18787751946378e-05
ME13	cold	0.310058194883428	0.0515248621160801
ME13	salt	0.155149779375262	0.339100931127087
ME13	control	0.350786137216668	0.0264686069528016
ME13	heat	0.081648981565134	0.616472257598125
ME25	drought	-0.604617895431984	3.59652296698664e-05
ME25	cold	-0.197492871153812	0.2218885769374
ME25	salt	0.250456060930894	0.119054478848053
ME25	control	0.631238454278473	1.25853119301514e-05
ME25	heat	0.13975961177067	0.389722318755499
ME17	drought	-0.191162907969959	0.237357479865252
ME17	cold	0.720608752106082	1.57740438376907e-07
ME17	salt	-0.390760795844252	0.0126658283611407
ME17	control	-0.122039854470122	0.453144287543591
ME17	heat	0.161984132947435	0.317985439140468
ME20	drought	-0.201745390399433	0.211894382248026
ME20	cold	-0.0546846497414307	0.737519536079894
ME20	salt	-0.233689535059885	0.14669695015269
ME20	control	-0.0249975816364743	0.878312258413189
ME20	heat	0.41773130430829	0.0073173424692699
