protein_id	E_value	score	bias	best_dom_evalue	best_dom_score
XP_022005990.1	2.5e-86	291.1	7.2	2.9e-86	290.9
XP_022005989.1	3e-86	290.8	7.1	3.5e-86	290.6
XP_022005993.1	3e-86	290.8	7.3	3.4e-86	290.6
XP_021973843.1	1.6e-85	288.4	8.2	1.9e-85	288.2
XP_035831160.1	1.6e-85	288.4	6.7	1.9e-85	288.2
XP_022009469.1	3.6e-85	287.3	7.5	4.2e-85	287.1
XP_022005838.1	1e-84	285.8	7.2	1.1e-84	285.6
XP_021973144.1	1.2e-84	285.6	7.0	1.4e-84	285.3
XP_021973155.1	1.5e-84	285.3	7.1	1.7e-84	285.1
XP_021992949.1	1.5e-84	285.3	10.1	1.7e-84	285.1
XP_021973181.1	1.8e-84	285.0	7.4	2.1e-84	284.8
XP_021973145.1	1.9e-84	284.9	7.9	2.2e-84	284.7
XP_021973148.1	1.9e-84	284.9	7.9	2.2e-84	284.7
XP_021998290.1	2.4e-84	284.6	10.8	2.7e-84	284.4
XP_021971649.1	2.7e-84	284.4	7.9	3.2e-84	284.2
XP_021973154.1	5.6e-84	283.4	7.9	6.5e-84	283.2
XP_021979449.1	5.5e-84	283.4	6.6	6.4e-84	283.2
XP_021994243.1	9.8e-84	282.6	7.1	1.1e-83	282.4
XP_035835916.1	9.8e-84	282.6	7.1	1.1e-83	282.4
XP_035835917.1	9.8e-84	282.6	7.1	1.1e-83	282.4
XP_035835918.1	9.8e-84	282.6	7.1	1.1e-83	282.4
XP_035835920.1	9.8e-84	282.6	7.1	1.1e-83	282.4
XP_035835921.1	9.8e-84	282.6	7.1	1.1e-83	282.4
XP_035835922.1	9.8e-84	282.6	7.1	1.1e-83	282.4
XP_035835923.1	9.8e-84	282.6	7.1	1.1e-83	282.4
XP_035835924.1	9.8e-84	282.6	7.1	1.1e-83	282.4
XP_035835925.1	9.8e-84	282.6	7.1	1.1e-83	282.4
XP_021997756.1	1.8e-83	281.8	9.0	2e-83	281.6
XP_022035417.1	1.7e-83	281.8	12.4	1.9e-83	281.6
XP_021969156.1	2e-83	281.6	11.5	2.3e-83	281.4
XP_022006482.1	2.2e-83	281.4	10.0	2.6e-83	281.2
XP_022022901.1	2.3e-83	281.4	11.4	2.6e-83	281.2
XP_022000317.1	5.8e-83	280.1	12.4	6.6e-83	279.9
XP_022025446.1	5.7e-83	280.1	10.4	6.7e-83	279.9
XP_022002167.1	1.3e-82	278.9	12.9	1.5e-82	278.7
XP_022002168.1	1.3e-82	278.9	12.9	1.5e-82	278.7
XP_021973917.1	5.3e-82	276.9	11.1	6.1e-82	276.7
XP_022035419.1	2.8e-81	274.6	14.6	3.2e-81	274.4
XP_022029508.1	4.6e-81	273.8	14.3	5.3e-81	273.7
XP_022002235.1	4.3e-80	270.7	18.3	4.9e-80	270.5
XP_022002249.1	4.3e-80	270.7	18.3	4.8e-80	270.5
XP_035837035.1	4.8e-80	270.5	10.2	5.6e-80	270.3
XP_022002237.1	5.7e-80	270.3	18.6	6.5e-80	270.1
XP_022029689.1	6.4e-80	270.1	18.5	7.3e-80	269.9
XP_021994685.2	2e-79	268.5	20.9	2.2e-79	268.3
XP_022013098.1	3.4e-79	267.7	13.6	3.9e-79	267.6
XP_022007682.2	6.9e-79	266.7	7.7	7.8e-79	266.6
XP_021997121.1	9e-79	266.4	19.8	1e-78	266.2
XP_022002236.1	1.1e-78	266.1	18.5	1.2e-78	265.9
XP_021990076.1	2.2e-78	265.1	19.3	2.5e-78	264.9
XP_022016546.1	2.9e-78	264.7	18.5	3.2e-78	264.5
XP_022035921.1	3e-78	264.6	15.5	3.4e-78	264.5
XP_035833912.1	3.8e-78	264.3	18.1	4.3e-78	264.1
XP_035832764.1	6.8e-78	263.5	8.0	7.9e-78	263.3
XP_022016725.1	9.4e-78	263.0	17.1	1.1e-77	262.9
XP_021984447.2	1.1e-77	262.8	19.2	1.2e-77	262.7
XP_021977771.1	1e-76	259.6	17.7	1.2e-76	259.4
XP_022037229.1	1e-76	259.6	16.0	1.2e-76	259.4
XP_022026331.1	4.1e-76	257.7	19.6	4.7e-76	257.5
XP_022000445.1	9.3e-76	256.5	19.7	1.1e-75	256.3
XP_021979635.1	6.2e-75	253.8	22.0	7e-75	253.6
XP_021977057.1	1.3e-73	249.5	19.1	1.4e-73	249.3
XP_021999580.1	1.3e-72	246.2	17.7	1.5e-72	246.0
XP_021969157.1	1.9e-72	245.7	6.1	2.5e-72	245.3
XP_022000943.1	1.1e-68	233.3	13.8	1.3e-68	233.2
XP_022012100.1	1e-64	220.4	13.2	1.2e-64	220.2
XP_021979651.1	1.2e-64	220.2	12.0	1.4e-64	219.9
XP_021994152.1	1.3e-63	216.8	13.9	1.6e-63	216.5
XP_022012102.1	5e-62	211.6	13.1	6.1e-62	211.3
XP_022021453.1	8.2e-62	210.9	14.8	9.7e-62	210.7
XP_022032747.1	4.8e-61	208.4	10.0	5.7e-61	208.2
XP_022014704.1	7.1e-60	204.6	8.6	8.6e-60	204.3
XP_022007155.1	1.2e-59	203.8	16.6	1.4e-59	203.6
XP_022014304.1	1.2e-59	203.8	10.3	1.5e-59	203.5
XP_021972988.1	5.3e-59	201.7	16.5	6.2e-59	201.5
XP_022006941.1	2.5e-58	199.5	15.2	3e-58	199.2
XP_021972990.2	1.5e-56	193.7	16.5	1.8e-56	193.4
XP_021977943.1	9.8e-56	191.0	15.9	1.3e-55	190.7
XP_021987957.1	2.6e-55	189.6	15.4	3.4e-55	189.3
XP_021987955.1	7.3e-55	188.2	13.9	9.2e-55	187.9
XP_022011339.1	1.1e-54	187.6	17.1	1.4e-54	187.3
XP_022023717.1	2e-54	186.8	17.2	2.5e-54	186.4
XP_022011398.1	2.4e-54	186.5	14.6	3e-54	186.2
XP_021989956.1	4.2e-54	185.7	17.7	5.4e-54	185.3
XP_022038870.1	2.3e-52	180.0	17.8	3e-52	179.6
XP_021976874.1	5.9e-51	175.4	16.9	7.2e-51	175.1
XP_022021536.1	1e-48	168.1	17.8	1.2e-48	167.8
XP_022025807.1	3.2e-48	166.5	16.7	3.9e-48	166.2
XP_021981655.1	2.7e-41	143.8	17.9	3.5e-41	143.4
XP_035833122.1	6.9e-41	142.5	19.7	8.7e-41	142.2
XP_035834143.1	3.2e-36	127.2	14.3	4e-36	126.9
XP_035834144.1	3.1e-35	124.0	14.8	3.9e-35	123.7
XP_035833123.1	1.6e-22	82.4	14.2	2.3e-22	81.9
XP_035835143.1	3.2e-20	74.9	1.5	3.6e-20	74.7
XP_021983051.1	2.4e-19	72.1	15.0	2.7e-19	71.9
XP_022000573.1	1.9e-17	65.8	16.3	2.1e-17	65.7
XP_022009396.1	1.5e-16	62.9	16.1	1.7e-16	62.8
XP_021975607.1	1.2e-15	59.9	0.1	1.4e-15	59.7
XP_022031599.1	1.7e-14	56.2	0.1	2.3e-14	55.8
XP_021990674.1	2.2e-14	55.8	0.1	3.2e-14	55.3
XP_021985922.2	5.8e-11	44.6	0.0	9.9e-11	43.9
XP_022009418.1	4.6e-10	41.7	0.1	5.8e-10	41.4
XP_021988248.1	1.4e-07	33.6	10.7	1.9e-07	33.1
XP_021970374.1	2.6e-07	32.7	10.5	3.2e-07	32.4
XP_022036172.1	2.4e-06	29.5	5.3	3.1e-06	29.2
