protein_id	length_aa	molecular_weight_Da	isoelectric_point	gravy	instability_index	stability	aromaticity	npa_motif_count	npa_motif_1	npa_motif_1_pos	npa_motif_2	npa_motif_2_pos	ar_r_H2	ar_r_H5	ar_r_LE1	ar_r_LE2	ar_r_filter	subfamily_predicted	subcellular_localization	charged_aa_pct	hydrophobic_aa_pct	Ala	Arg	Asn	Asp	Cys	Gln	Glu	Gly	His	Ile	Leu	Lys	Met	Phe	Pro	Ser	Thr	Trp	Tyr	Val
XP_021969156.1	287	30616.28	8.97	0.3864	31.66	stable	0.115	2	NPA	114	NPA	236	L	I	P	A	L/I/P/A	PIP_tentative	Plasma membrane (tentative)	4900	14100	34	9	5	9	4	7	9	34	8	22	24	14	6	18	15	15	17	5	10	22
XP_021969157.1	317	34056.36	8.54	0.3631	34.72	stable	0.1104	2	NPA	114	NPA	236	L	I	P	A	L/I/P/A	unclassified	Unknown	5700	15100	31	8	5	11	8	8	11	35	9	20	29	18	8	18	15	19	19	5	12	28
XP_021970374.1	233	26204.89	9.15	0.7305	26.12	stable	0.1416	1	NPA	180	NA	NA	NA	NA	NA	NA	NA/NA/NA/NA	SIP_tentative	Endoplasmic reticulum (tentative)	3400	12900	17	8	10	4	5	5	7	18	6	20	31	9	6	18	7	10	15	7	8	22
XP_021971649.1	292	31179.7	7.07	0.4045	28.36	stable	0.1336	2	NPA	115	NPA	236	L	V	P	A	L/V/P/A	PIP_tentative	Plasma membrane (tentative)	4800	14700	36	8	4	12	5	7	8	37	8	20	23	12	7	20	13	14	17	5	14	22
XP_021972988.1	260	27334.05	9.32	0.74	21.05	stable	0.1	2	NPA	90	NPA	202	M	I	P	A	M/I/P/A	TIP_tentative	Tonoplast (tentative)	3100	13300	23	5	9	5	4	3	5	31	4	24	24	12	11	16	10	23	16	3	7	25
XP_021972990.2	275	29311.21	7.58	0.6964	23.64	stable	0.0836	2	NPA	88	NPA	200	M	I	P	A	M/I/P/A	PIP_tentative	Plasma membrane (tentative)	3700	13400	19	9	8	9	7	7	7	28	4	29	25	8	9	14	10	19	25	2	7	29
XP_021973144.1	284	30350.72	6.99	0.3768	26	stable	0.1338	2	NPA	106	NPA	227	L	V	P	A	L/V/P/A	PIP_tentative	Plasma membrane (tentative)	4600	14400	36	8	6	14	5	7	6	35	6	19	22	12	6	18	14	10	17	5	15	23
XP_021973145.1	283	30340.75	6.58	0.383	26.74	stable	0.1307	2	NPA	106	NPA	227	L	V	P	A	L/V/P/A	PIP_tentative	Plasma membrane (tentative)	4700	14300	35	8	5	12	5	7	9	33	6	19	22	12	7	18	13	13	17	5	14	23
XP_021973148.1	283	30340.75	6.58	0.383	26.74	stable	0.1307	2	NPA	106	NPA	227	L	V	P	A	L/V/P/A	PIP_tentative	Plasma membrane (tentative)	4700	14300	35	8	5	12	5	7	9	33	6	19	22	12	7	18	13	13	17	5	14	23
XP_021973154.1	284	30352.74	6.99	0.3898	24.69	stable	0.1338	2	NPA	106	NPA	227	L	V	P	A	L/V/P/A	PIP_tentative	Plasma membrane (tentative)	4600	14500	37	8	6	13	5	7	7	35	6	20	22	12	6	18	13	10	17	5	15	22
XP_021973155.1	284	30306.72	7.64	0.3944	26.3	stable	0.1338	2	NPA	106	NPA	227	L	V	P	A	L/V/P/A	PIP_tentative	Plasma membrane (tentative)	4500	14500	37	8	6	12	5	7	7	35	6	18	22	12	6	18	14	10	17	5	15	24
XP_021973181.1	284	30320.74	7.64	0.3944	26.6	stable	0.1338	2	NPA	106	NPA	227	L	V	P	A	L/V/P/A	PIP_tentative	Plasma membrane (tentative)	4500	14500	37	8	6	11	5	7	8	35	6	18	22	12	6	18	14	10	17	5	15	24
XP_021973843.1	285	30455.05	8.81	0.4733	30.97	stable	0.1263	2	NPA	105	NPA	226	L	V	P	A	L/V/P/A	PIP_tentative	Plasma membrane (tentative)	4400	14600	35	9	8	12	4	5	5	31	6	22	24	12	5	19	15	14	18	5	12	24
XP_021973917.1	287	30618.2	8.58	0.4171	27.22	stable	0.1185	2	NPA	115	NPA	237	L	I	P	A	L/I/P/A	PIP_tentative	Plasma membrane (tentative)	4800	14600	38	10	6	9	4	6	11	31	5	19	26	13	4	17	15	13	18	5	12	25
XP_021976874.1	294	30225.47	8.39	0.432	27.01	stable	0.0816	2	NPS	125	NPV	236	I	V	P	V	I/V/P/V	XIP	Plasma membrane	3900	13400	37	12	8	6	4	4	10	35	5	17	27	6	5	16	20	22	28	3	5	24
XP_021977057.1	250	25772.47	4.88	0.8144	24.86	stable	0.12	2	NPA	85	NPA	199	A	V	P	A	A/V/P/A	SIP_tentative	Endoplasmic reticulum (tentative)	2400	13700	35	1	8	8	2	4	5	31	6	23	20	4	5	16	12	16	16	4	10	24
XP_021979449.1	289	30967.33	6.64	0.4097	30.21	stable	0.1349	2	NPA	111	NPA	232	L	V	P	A	L/V/P/A	PIP_tentative	Plasma membrane (tentative)	4800	14900	38	9	8	13	4	6	8	33	7	21	24	11	4	20	13	13	15	5	14	23
XP_021979635.1	255	26313.19	5.64	0.8278	25.78	stable	0.1255	2	NPA	89	NPA	203	A	V	P	A	A/V/P/A	SIP_tentative	Endoplasmic reticulum (tentative)	2700	14300	39	5	9	5	1	5	8	35	5	19	22	4	4	21	11	12	12	5	6	27
XP_021983051.1	237	24908.39	9.7	0.8333	19.41	stable	0.1097	2	NPT	70	NPA	185	F	Y	P	A	F/Y/P/A	SIP	Endoplasmic reticulum	3000	13000	27	4	8	5	2	1	3	29	6	16	29	12	8	17	11	13	13	5	4	24
XP_021990674.1	182	20149.48	6.32	0.3121	64.75	unstable	0.0989	0	NA	NA	NA	NA	NA	NA	NA	NA	NA/NA/NA/NA	SIP_tentative	Endoplasmic reticulum (tentative)	3600	8700	16	11	0	7	5	1	11	10	0	10	23	7	5	6	16	16	11	7	5	15
XP_021992949.1	284	30254.88	8.97	0.4996	31.59	stable	0.1232	2	NPA	104	NPA	225	L	V	P	A	L/V/P/A	PIP_tentative	Plasma membrane (tentative)	4400	14600	36	9	6	11	4	4	5	31	7	23	24	12	6	18	14	17	18	5	12	22
XP_021994243.1	289	30965.31	6.64	0.3958	32.51	stable	0.1315	2	NPA	111	NPA	232	L	V	P	A	L/V/P/A	PIP_tentative	Plasma membrane (tentative)	4800	14700	36	9	8	12	4	6	9	33	7	20	24	11	4	19	13	14	16	5	14	25
XP_021994685.2	250	25503.34	6.42	0.8708	14.52	stable	0.104	2	NPA	85	NPA	199	A	L	P	A	A/L/P/A	SIP_tentative	Endoplasmic reticulum (tentative)	2400	13700	37	2	10	5	1	3	4	32	8	20	24	5	5	17	10	16	17	4	5	25
XP_021997756.1	284	30417.99	8.8	0.4849	28.36	stable	0.1303	2	NPA	103	NPA	224	L	V	P	A	L/V/P/A	PIP_tentative	Plasma membrane (tentative)	4500	14600	34	8	7	12	4	6	5	31	7	22	21	13	5	20	13	14	18	5	12	27
XP_021998290.1	279	29588.12	9.14	0.4914	29.02	stable	0.1219	3	NPA	99	NPA	220	L	V	P	A	L/V/P/A	PIP_tentative	Plasma membrane (tentative)	3900	14400	36	10	11	8	4	3	6	32	5	21	22	10	6	17	17	14	15	5	12	25
XP_021999580.1	250	26022.68	4.92	0.722	25.53	stable	0.124	2	NPA	85	NPA	199	A	V	P	A	A/V/P/A	SIP_tentative	Endoplasmic reticulum (tentative)	2400	13400	33	2	10	7	2	4	6	29	5	21	18	4	5	16	13	15	19	5	10	26
XP_022000317.1	287	30565.23	8.96	0.4139	30.3	stable	0.115	2	NPA	114	NPA	236	L	I	P	A	L/I/P/A	PIP_tentative	Plasma membrane (tentative)	4900	14100	33	9	5	8	4	4	10	34	8	24	22	14	6	17	15	17	18	5	11	23
XP_022000445.1	258	26519.51	5.79	0.8651	23.47	stable	0.1124	2	NPA	92	NPA	206	G	L	P	A	G/L/P/A	SIP_tentative	Endoplasmic reticulum (tentative)	2800	14100	35	6	7	6	2	4	7	37	6	23	25	3	3	18	12	15	12	5	6	26
XP_022002167.1	287	30550.22	9.14	0.4296	31.12	stable	0.115	2	NPA	114	NPA	236	L	I	P	A	L/I/P/A	PIP_tentative	Plasma membrane (tentative)	4700	14100	33	10	8	7	4	4	10	34	7	24	22	13	6	19	15	17	17	5	9	23
XP_022002168.1	287	30550.22	9.14	0.4296	31.12	stable	0.115	2	NPA	114	NPA	236	L	I	P	A	L/I/P/A	PIP_tentative	Plasma membrane (tentative)	4700	14100	33	10	8	7	4	4	10	34	7	24	22	13	6	19	15	17	17	5	9	23
XP_022002235.1	250	25200.09	4.8	0.9544	27.69	stable	0.104	2	NPA	83	NPA	197	G	V	P	A	G/V/P/A	SIP_tentative	Endoplasmic reticulum (tentative)	2000	13900	36	1	7	8	2	5	3	37	3	25	24	5	6	15	10	17	13	3	8	22
XP_022002236.1	250	25193.01	4.63	0.9404	23.78	stable	0.108	2	NPA	83	NPA	197	G	V	P	A	G/V/P/A	SIP_tentative	Endoplasmic reticulum (tentative)	2100	13800	35	1	7	9	2	4	3	38	3	24	23	5	6	16	10	17	13	3	8	23
XP_022002237.1	250	25241.06	4.63	0.9376	25.54	stable	0.112	2	NPA	83	NPA	197	G	V	P	A	G/V/P/A	SIP_tentative	Endoplasmic reticulum (tentative)	2100	13800	35	1	7	9	2	4	3	38	3	25	22	5	6	17	10	17	13	3	8	22
XP_022002249.1	250	25182.06	4.8	0.962	27.49	stable	0.104	2	NPA	83	NPA	197	G	V	P	A	G/V/P/A	SIP_tentative	Endoplasmic reticulum (tentative)	2000	13900	36	1	7	8	2	5	3	37	3	25	25	5	5	15	10	17	13	3	8	22
XP_022005838.1	283	30264.62	7.04	0.4131	27.38	stable	0.1272	2	NPA	105	NPA	226	L	V	P	A	L/V/P/A	PIP_tentative	Plasma membrane (tentative)	4700	14400	35	9	8	12	4	6	8	34	7	21	24	11	4	18	13	11	16	5	13	24
XP_022005989.1	284	30455.86	6.58	0.368	26.43	stable	0.1268	2	NPA	106	NPA	227	L	V	P	A	L/V/P/A	PIP_tentative	Plasma membrane (tentative)	4700	14400	36	8	7	13	5	7	8	32	6	22	21	12	6	16	14	11	17	5	15	23
XP_022005990.1	284	30347.72	6.58	0.3588	27.35	stable	0.1197	2	NPA	106	NPA	227	L	V	P	A	L/V/P/A	PIP_tentative	Plasma membrane (tentative)	4700	14100	34	8	7	13	5	7	8	33	6	23	21	12	6	15	14	13	17	5	14	23
XP_022005993.1	284	30421.84	6.58	0.3739	27.11	stable	0.1232	2	NPA	106	NPA	227	L	V	P	A	L/V/P/A	PIP_tentative	Plasma membrane (tentative)	4700	14400	36	8	7	13	5	7	8	32	6	23	21	12	6	15	14	11	17	5	15	23
XP_022006482.1	287	30746.28	8.6	0.339	29.48	stable	0.1185	2	NPA	115	NPA	237	L	I	P	A	L/I/P/A	PIP_tentative	Plasma membrane (tentative)	5000	14100	34	11	8	9	4	6	11	34	7	21	23	12	5	18	16	12	16	5	11	24
XP_022006941.1	255	27105.85	9.19	0.7475	19.74	stable	0.1059	2	NPA	90	NPA	202	M	I	P	A	M/I/P/A	SIP_tentative	Endoplasmic reticulum (tentative)	3500	13000	20	5	7	4	4	3	8	29	5	26	21	13	9	18	11	20	16	3	6	27
XP_022007155.1	257	26692.77	5.72	0.6887	29.76	stable	0.1167	2	NPA	86	NPA	199	A	M	P	A	A/M/P/A	SIP_tentative	Endoplasmic reticulum (tentative)	2700	13700	36	7	7	7	2	4	6	31	4	15	19	3	13	20	15	16	18	2	8	24
XP_022007682.2	253	27863.23	9.13	0.3486	27.88	stable	0.1265	2	NPA	74	NPA	195	L	V	P	A	L/V/P/A	SIP_tentative	Endoplasmic reticulum (tentative)	4500	13000	28	10	10	7	4	2	6	26	13	20	23	9	10	13	9	8	19	5	14	17
XP_022009469.1	283	30137.49	6.69	0.4834	27.37	stable	0.1272	2	NPA	105	NPA	226	L	V	P	A	L/V/P/A	PIP_tentative	Plasma membrane (tentative)	4700	15000	42	9	6	14	4	4	6	30	8	19	25	10	5	18	13	12	17	5	13	23
XP_022012102.1	300	32154.94	5.86	0.403	29.66	stable	0.0967	2	NPA	101	NPA	213	M	L	P	A	M/L/P/A	unclassified	Unknown	4300	15000	31	4	15	10	2	7	10	28	8	25	27	11	13	12	15	23	17	7	10	25
XP_022013098.1	257	26910.96	6.48	0.6693	29.46	stable	0.1051	2	NPA	85	NPA	199	A	L	P	A	A/L/P/A	SIP_tentative	Endoplasmic reticulum (tentative)	3500	14300	41	10	9	7	0	3	7	30	9	13	34	2	5	15	14	9	14	5	7	23
XP_022014704.1	281	30753.67	8.32	0.4637	44.15	unstable	0.0961	2	NPA	99	NPA	214	L	I	P	A	L/I/P/A	PIP_tentative	Plasma membrane (tentative)	4000	13800	24	9	11	7	4	9	9	16	6	31	30	9	9	14	16	27	20	3	10	17
XP_022016546.1	250	25136.82	4.63	0.9424	28.75	stable	0.116	2	NPV	83	NPA	197	G	V	P	A	G/V/P/A	SIP	Endoplasmic reticulum	2100	14200	40	1	5	9	0	4	3	36	3	20	28	5	4	17	10	19	13	3	9	21
XP_022016725.1	245	24653.31	4.97	0.9735	25.82	stable	0.1102	2	NPA	83	NPA	197	G	V	P	A	G/V/P/A	SIP_tentative	Endoplasmic reticulum (tentative)	2100	13800	37	1	6	9	0	4	2	35	5	21	29	4	2	17	12	17	12	3	7	22
XP_022021536.1	294	30438.85	8.38	0.4796	29.43	stable	0.0884	2	NPS	127	NPV	238	I	V	P	V	I/V/P/V	XIP	Plasma membrane	3600	13900	39	10	10	6	4	3	8	29	6	17	27	6	6	17	23	21	29	3	6	24
XP_022022901.1	287	30601.2	8.81	0.3871	30	stable	0.115	2	NPA	114	NPA	236	L	I	P	A	L/I/P/A	PIP_tentative	Plasma membrane (tentative)	5000	14000	33	9	5	9	4	6	10	34	8	22	23	14	5	18	15	15	18	5	10	24
XP_022025446.1	279	29762.37	8.9	0.5348	31.46	stable	0.1219	3	NPA	99	NPA	220	L	V	P	A	L/V/P/A	PIP_tentative	Plasma membrane (tentative)	4100	14800	36	10	10	8	3	2	8	30	5	22	26	10	6	16	15	15	15	5	13	24
XP_022025807.1	295	30385.88	8.3	0.502	34.63	stable	0.0881	2	NPS	131	NPV	242	I	V	P	V	I/V/P/V	XIP	Plasma membrane	3600	14000	40	10	8	6	5	4	8	31	6	14	29	6	7	18	24	22	25	2	6	24
XP_022026331.1	253	26035.91	5.62	0.8379	24.94	stable	0.1186	2	NPA	92	NPA	206	A	V	P	A	A/V/P/A	SIP_tentative	Endoplasmic reticulum (tentative)	2700	14000	36	5	7	7	1	3	6	36	5	23	23	4	4	17	11	15	13	6	7	24
XP_022029508.1	287	30547.2	9.34	0.4049	29.17	stable	0.115	2	NPA	114	NPA	236	L	I	P	A	L/I/P/A	PIP_tentative	Plasma membrane (tentative)	4600	14100	34	10	7	7	3	6	9	34	7	21	24	13	6	19	15	15	20	5	9	23
XP_022029689.1	250	25169.98	5.06	0.968	26.6	stable	0.112	3	NPA	52	NPA	83	A	I	P	A	A/I/P/A	SIP_tentative	Endoplasmic reticulum (tentative)	2100	14100	39	1	6	7	2	4	4	37	4	25	24	5	4	16	10	17	12	3	9	21
XP_022032747.1	266	28425.67	7.82	0.3786	30.02	stable	0.0902	2	NPA	99	NPA	211	M	L	P	A	M/L/P/A	unclassified	Unknown	4200	12900	29	8	9	10	2	7	7	24	7	24	20	10	9	12	14	20	19	5	7	23
XP_022035417.1	287	30578.23	8.99	0.4115	29.87	stable	0.115	2	NPA	114	NPA	236	L	I	P	A	L/I/P/A	PIP_tentative	Plasma membrane (tentative)	4800	14200	34	10	6	9	4	6	9	34	7	22	23	13	6	18	15	15	17	5	10	24
XP_022035921.1	257	26936.03	6.49	0.686	30.45	stable	0.1051	2	NPA	85	NPA	199	A	L	P	A	A/L/P/A	SIP_tentative	Endoplasmic reticulum (tentative)	3500	14400	41	10	8	5	0	3	9	31	9	15	33	2	6	14	12	10	14	5	8	22
XP_022037229.1	252	25848.55	5	0.8067	29.24	stable	0.1111	2	NPA	85	NPA	199	A	V	P	A	A/V/P/A	SIP_tentative	Endoplasmic reticulum (tentative)	2800	13600	35	3	6	7	1	1	8	31	5	19	24	5	5	16	11	24	14	6	6	25
XP_022038870.1	305	31684.58	8.79	0.4443	29.19	stable	0.0754	2	NPS	136	NPV	247	V	I	P	V	V/I/P/V	XIP	Plasma membrane	4300	14300	36	10	12	7	3	3	10	32	6	22	28	10	9	16	25	20	24	2	5	25
XP_035831160.1	283	30214.33	6.74	0.4102	31.88	stable	0.1272	2	NPA	105	NPA	226	L	V	P	A	L/V/P/A	PIP_tentative	Plasma membrane (tentative)	4600	14500	37	10	9	13	4	5	6	31	9	18	25	8	3	17	13	16	14	5	14	26
XP_035835916.1	289	30965.31	6.64	0.3958	32.51	stable	0.1315	2	NPA	111	NPA	232	L	V	P	A	L/V/P/A	PIP_tentative	Plasma membrane (tentative)	4800	14700	36	9	8	12	4	6	9	33	7	20	24	11	4	19	13	14	16	5	14	25
XP_035835917.1	289	30965.31	6.64	0.3958	32.51	stable	0.1315	2	NPA	111	NPA	232	L	V	P	A	L/V/P/A	PIP_tentative	Plasma membrane (tentative)	4800	14700	36	9	8	12	4	6	9	33	7	20	24	11	4	19	13	14	16	5	14	25
XP_035835918.1	289	30965.31	6.64	0.3958	32.51	stable	0.1315	2	NPA	111	NPA	232	L	V	P	A	L/V/P/A	PIP_tentative	Plasma membrane (tentative)	4800	14700	36	9	8	12	4	6	9	33	7	20	24	11	4	19	13	14	16	5	14	25
XP_035835920.1	289	30965.31	6.64	0.3958	32.51	stable	0.1315	2	NPA	111	NPA	232	L	V	P	A	L/V/P/A	PIP_tentative	Plasma membrane (tentative)	4800	14700	36	9	8	12	4	6	9	33	7	20	24	11	4	19	13	14	16	5	14	25
XP_035835921.1	289	30965.31	6.64	0.3958	32.51	stable	0.1315	2	NPA	111	NPA	232	L	V	P	A	L/V/P/A	PIP_tentative	Plasma membrane (tentative)	4800	14700	36	9	8	12	4	6	9	33	7	20	24	11	4	19	13	14	16	5	14	25
XP_035835922.1	289	30965.31	6.64	0.3958	32.51	stable	0.1315	2	NPA	111	NPA	232	L	V	P	A	L/V/P/A	PIP_tentative	Plasma membrane (tentative)	4800	14700	36	9	8	12	4	6	9	33	7	20	24	11	4	19	13	14	16	5	14	25
XP_035835923.1	289	30965.31	6.64	0.3958	32.51	stable	0.1315	2	NPA	111	NPA	232	L	V	P	A	L/V/P/A	PIP_tentative	Plasma membrane (tentative)	4800	14700	36	9	8	12	4	6	9	33	7	20	24	11	4	19	13	14	16	5	14	25
XP_035835924.1	289	30965.31	6.64	0.3958	32.51	stable	0.1315	2	NPA	111	NPA	232	L	V	P	A	L/V/P/A	PIP_tentative	Plasma membrane (tentative)	4800	14700	36	9	8	12	4	6	9	33	7	20	24	11	4	19	13	14	16	5	14	25
XP_035835925.1	289	30965.31	6.64	0.3958	32.51	stable	0.1315	2	NPA	111	NPA	232	L	V	P	A	L/V/P/A	PIP_tentative	Plasma membrane (tentative)	4800	14700	36	9	8	12	4	6	9	33	7	20	24	11	4	19	13	14	16	5	14	25
XP_035837035.1	284	30579.27	8.95	0.5063	34.64	stable	0.1303	2	NPA	103	NPA	224	L	V	P	A	L/V/P/A	PIP_tentative	Plasma membrane (tentative)	4400	14900	35	9	9	10	4	5	6	28	7	23	22	12	7	20	12	15	18	3	14	25
