run	assigned	total	pct_assigned	no_features	multi_mapping	unmapped
SRR7882951	21802990	143341721	15.2	1635170	118760284	841033
SRR7882950	26497567	167757768	15.8	1920804	137971409	994491
SRR7882952	27799267	183828466	15.1	1960923	152682735	999868
SRR7882953	20690865	134327732	15.4	1449804	111011538	885337
SRR7882954	17858375	151347673	11.8	1608935	130880135	741863
SRR7882955	17504590	162242505	10.8	1628828	142237814	632502
SRR7882956	18041416	132193118	13.6	1151261	112087144	656657
SRR7882957	18960893	173982532	10.9	1853195	152195631	698179
SRR7882958	19443805	135133391	14.4	1524072	113075665	841719
SRR7882959	24710490	156956647	15.7	2829409	127618940	1463370
SRR7882960	22856875	184447163	12.4	2195256	158181032	919058
SRR7882961	19130812	134783514	14.2	2589648	111873513	929952
SRR7882978	54664051	93959750	58.2	5810618	29163668	3922755
SRR7882979	44472310	74396612	59.8	4793915	21732371	3057414
SRR7882976	41834061	73717912	56.7	4731845	23777362	3063317
SRR7882977	41841448	76232212	54.9	4019867	26820196	3257252
SRR7882974	47923923	77750702	61.6	4383088	22185041	2833081
SRR7882975	54518195	93928375	58.0	7422420	27557303	3923712
SRR7882972	58328765	101377856	57.5	8855519	28873338	4872168
SRR7882973	48558262	98149914	49.5	4670041	41432924	3109866
SRR7882985	47311792	76230961	62.1	4065147	21899175	2567202
SRR7882984	42897724	71485390	60.0	5132853	20280132	2804333
SRR7882983	36666901	63847433	57.4	5146485	18788495	2943361
SRR7882982	41862485	80556614	52.0	9796443	24920205	3599696
SRR7882969	23624713	147287138	16.0	1639904	120590020	1099840
SRR7882968	22050043	156424463	14.1	1608689	131598447	852433
SRR7882971	22684773	152523049	14.9	1618859	126961812	942910
SRR7882970	21116465	157469970	13.4	1760501	133402695	903069
SRR7882965	29241275	219553760	13.3	2275400	186599173	1034573
SRR7882964	21760997	138539009	15.7	3108565	112024098	1348893
SRR7882967	16972529	123305471	13.8	1451564	103965772	680179
SRR7882966	18083397	152608593	11.8	1598815	132028654	640162
SRR7882963	22553670	137125051	16.4	3003917	109683762	1580954
SRR7882962	22807535	186677202	12.2	1743903	161045464	796258
SRR7882980	22782432	168951486	13.5	1854050	143181695	834994
SRR7882981	20241088	155678621	13.0	1394422	132924267	825052
SRR7882989	29326028	53584047	54.7	5136526	16365985	2524438
SRR7882988	49342751	86475915	57.1	7280322	25435717	4041981
SRR7882987	48658896	79766559	61.0	4217523	23359638	3174861
SRR7882986	54742709	101605928	53.9	5210372	37537152	3675629
SRR7882991	56705541	93187988	60.9	5179417	26930992	3923768
SRR7882990	36820094	65034571	56.6	5305605	19192022	3439870
SRR7882992	20273837	157945873	12.8	1676523	134955401	717465
SRR7882993	17864976	134547589	13.3	1428246	114334368	633044
SRR7882994	26087797	157134853	16.6	3003415	126315687	1252197
SRR7882995	18679236	154504460	12.1	1550853	133277564	688895
SRR7882996	19663472	161697120	12.2	1616277	139355600	787466
SRR7882997	17773054	145196531	12.2	1517942	124988791	673860
SRR7882998	25539310	192520405	13.3	2126966	163531760	922028
SRR7882999	15864015	133687104	11.9	1576791	115332558	641659
SRR7883000	25935653	180506909	14.4	2376188	150610681	1217338
SRR7883001	18575362	127512206	14.6	2434686	105328707	892276
SRR7882949	43399172	68770853	63.1	3853805	18266851	2917517
SRR7882948	51393681	85271112	60.3	5501667	23511798	4453440
SRR7882947	37098706	58404023	63.5	3131017	14977185	2885267
SRR7882946	43731108	71715370	61.0	3858338	21074876	2737018
SRR7882945	48415915	82527085	58.7	4745296	25726768	3299813
SRR7882944	48108582	82302637	58.5	4562560	26115549	3174380
SRR7882943	51170051	88337578	57.9	5116428	28113553	3561648
SRR7882942	44300336	75493987	58.7	4387368	23541603	2951918
SRR7883014	52687102	92410196	57.0	4779628	30739283	3796687
SRR7883015	43696232	84095006	52.0	3941266	33024553	3081020
SRR7883016	54814006	95400925	57.5	7445779	28290679	4427207
SRR7883017	40016854	69077347	57.9	4311723	21850342	2574399
SRR7883012	49210384	80078260	61.5	4040108	23491547	2961647
SRR7883013	44826321	75006257	59.8	4931127	21878123	3008963
SRR7883006	21384822	142207115	15.0	1691840	117917769	880561
SRR7883007	22517422	158071760	14.2	2871625	131446700	884672
SRR7883023	51871363	89301343	58.1	6364498	26341562	4321526
SRR7883022	52361641	88801721	59.0	5930722	26043807	4094972
SRR7883025	49009937	83026769	59.0	5561118	24324169	3750291
SRR7883024	31222267	55319366	56.4	3905825	16814098	3146636
SRR7883027	56532308	93796442	60.3	5508982	27734340	3529973
SRR7883026	51476072	87482418	58.8	5007800	27043742	3534333
SRR7883030	45193727	73164039	61.8	3770814	20359692	3486253
SRR7883031	58172022	96960233	60.0	6337390	28321207	3529821
SRR7883028	58316923	103069857	56.6	5533564	35329007	3463478
SRR7883029	47837611	82184868	58.2	6110023	24226422	3608198
SRR7883034	25308610	43109810	58.7	3345816	12156705	2103216
SRR7883035	44334470	74385859	59.6	4638637	22521136	2571039
SRR7883008	20062415	138436645	14.5	1429255	115903305	685233
SRR7883009	20079663	132720079	15.1	1508217	110007967	768284
SRR7883002	23037782	144632470	15.9	1636592	118567427	968308
SRR7883003	25334481	159565588	15.9	1780636	130926363	1118921
SRR7883004	18211159	117875828	15.4	3046106	94925645	1390670
SRR7883005	19051515	133406310	14.3	1430647	111859961	755958
SRR7883010	20400498	140038791	14.6	1824019	116648846	832031
SRR7883011	19004880	147026462	12.9	1629987	125372817	707149
SRR7883019	17530138	138786453	12.6	1905068	118364807	702493
SRR7883018	18239896	147597843	12.4	1710397	126655840	717310
SRR7883021	17380944	112668583	15.4	2589602	91627468	761628
SRR7883020	22122080	130757430	16.9	5490341	101009284	1782327
SRR7883032	56694396	94139745	60.2	6692550	26629479	3727818
SRR7883033	48389011	86420116	56.0	5371551	28874879	3376243
SRR7883036	53857142	89632061	60.1	7062164	23930024	4320341
SRR7883037	40601479	68294983	59.5	4547727	20141497	2714620
